id_client,nom,email,date_inscription,pays
1,Patrick Sanchez,jillrhodes@example.net,2025-10-08,Germany
2,Amanda Davis,williamjohnson@example.org,2023-06-03,France
3,Jennifer Cole,lisa02@example.net,2025-10-24,Belgium
4,Christopher Bernard,curtis61@example.com,2024-11-05,Italy
5,Renee Blair,dudleynicholas@example.net,2024-07-06,Italy
6,Lisa Hensley,janetwilliams@example.org,2024-04-18,Spain
7,Dr. Sharon James,xreid@example.org,2024-04-12,Germany
8,Michael Miles,lynchgeorge@example.net,2024-08-16,Canada
9,James Mayo,gabriellecameron@example.org,2024-02-03,Germany
10,Renee Morales,clarksherri@example.net,2024-01-09,Switzerland
11,Jonathan Wilkerson,ithomas@example.org,2024-05-21,France
12,Nicole Patterson,icox@example.net,2025-06-09,France
13,Anthony Rodriguez,laurahenderson@example.org,2025-02-23,Germany
14,Zachary Rice,frazierdanny@example.net,2024-09-07,Italy
15,Gina Carter,shawnmckay@example.net,2024-03-08,Italy
16,Pamela Romero,harrellkenneth@example.net,2024-03-03,Canada
17,Brittany Farmer,georgetracy@example.org,2025-03-17,France
18,Sandra Parker,allenashley@example.org,2024-08-04,Canada
19,Rose Spence,davidalvarez@example.net,2023-06-01,Italy
20,Shane Henderson,sarahcampos@example.net,2023-10-02,Canada
21,Jennifer Powers,samuel87@example.org,2023-11-27,Switzerland
22,George Chapman,briannasmith@example.net,2024-02-08,Italy
23,Austin Johnson,chad34@example.net,2025-09-25,UK
24,Carlos Walls,esanchez@example.com,2025-02-11,Belgium
25,Matthew Gomez,uowens@example.org,2023-11-10,France
26,Maria Brown,lauren13@example.org,2025-11-30,Spain
27,Brenda White,ewright@example.com,2023-11-10,Switzerland
28,Matthew Fernandez,novaksara@example.org,2025-05-22,Netherland
29,John Hancock,martinaaron@example.com,2023-10-04,Belgium
30,Rachel Mitchell,smoore@example.org,2024-03-05,Spain
31,Kimberly Adkins,williamsthomas@example.net,2023-04-19,Italy
32,Jordan York,larsonemma@example.org,2023-09-20,Netherland
33,Steve Sanchez,harveyrobert@example.net,2024-10-07,Germany
34,Taylor Harris,john62@example.net,2025-06-15,Germany
35,Eugene Walton,smithchristine@example.net,2025-10-17,Switzerland
36,Daniel Baker,nicole35@example.com,2023-06-23,Germany
37,Joshua Turner,contrerasangela@example.net,2023-09-21,Netherland
38,Brandy Wilson,newtoneric@example.com,2023-06-28,Netherland
39,Grant Watts,william40@example.org,2025-08-15,Belgium
40,Donald Smith,danagreen@example.net,2025-09-30,France
41,Jessica Smith,landryhannah@example.org,2024-12-05,UK
42,Jacob Tran,tanderson@example.com,2025-05-15,Canada
43,Christine Wright,gomezanita@example.com,2023-03-21,Germany
44,Tammy Young,theresacochran@example.com,2025-09-09,Switzerland
45,Tim Patton,vpham@example.org,2023-02-26,Germany
46,Michael Reyes,garrisonjeffrey@example.com,2024-03-08,Canada
47,Robert Perez,kellerraymond@example.com,2024-07-15,Belgium
48,Diana May,ifrazier@example.com,2023-05-06,Netherland
49,Wesley White,benjamin96@example.com,2023-03-02,Italy
50,William Wilson,jonathanfletcher@example.org,2024-05-20,Germany
51,Kimberly Ball,michaeljones@example.net,2025-04-05,France
52,Mary Martinez,william65@example.com,2024-06-14,Italy
53,Cameron Fisher,lbyrd@example.net,2026-01-06,Belgium
54,Joshua Smith,jason99@example.net,2025-06-21,Germany
55,Jeremy Lewis,yleon@example.net,2024-06-02,Italy
56,Diane Beck,clarence34@example.org,2023-10-09,Germany
57,Angel Riggs,gibsonolivia@example.net,2023-11-24,Switzerland
58,Janet Ross,dianasmith@example.org,2023-11-17,Belgium
59,Robert Dominguez,pwilliams@example.org,2024-11-09,UK
60,John Schmidt,stephanie79@example.net,2024-12-28,Netherland
61,Terry Griffin,juliawells@example.com,2025-03-13,Spain
62,Destiny Strickland,rsims@example.com,2024-02-07,Netherland
63,Cynthia Rogers,taylorjesse@example.net,2023-05-19,Netherland
64,Amy Russell,nperry@example.com,2023-09-13,Italy
65,Lauren Dominguez,wwoods@example.com,2024-09-15,Belgium
66,Tiffany Barnes,tracynelson@example.com,2024-09-15,Germany
67,Michael Yates,marycalhoun@example.net,2023-03-05,Spain
68,James Elliott,millerroy@example.com,2025-04-27,Canada
69,James Lewis,matthew64@example.com,2023-10-28,Italy
70,Julie Curry,cookemichael@example.net,2024-02-14,Spain
71,Marissa Webster,jamessmith@example.org,2023-05-05,UK
72,Michael Elliott,stevenscott@example.com,2024-01-24,Switzerland
73,Tracey Higgins,tamirodriguez@example.org,2023-10-06,Belgium
74,Susan Brooks,charlesvaughn@example.net,2024-05-17,Canada
75,Raymond Jefferson,hoganashlee@example.org,2024-01-31,Italy
76,Mary Jones,alexander67@example.org,2024-07-11,Netherland
77,Madison Poole,ryangross@example.net,2024-11-22,France
78,Tamara Hampton,ugraham@example.net,2024-03-13,Italy
79,David Michael,nicole37@example.net,2024-03-10,France
80,Gabrielle Snyder,hunter35@example.com,2025-08-24,Netherland
81,Kyle Beard,blackjames@example.org,2024-06-30,Switzerland
82,Peter Vaughn DDS,bwest@example.org,2024-10-11,Belgium
83,Michael Torres,thomas85@example.com,2024-04-20,Germany
84,Michael Nelson,jerry35@example.org,2025-05-22,Italy
85,Melissa Lee,lhill@example.net,2025-04-30,Netherland
86,Brian Lee,michaelturner@example.net,2025-08-03,Italy
87,Angel Brown,heidi27@example.org,2025-04-27,UK
88,Julie Alexander,tammyking@example.com,2023-02-07,Switzerland
89,Jennifer Jones,hernandezlisa@example.com,2023-07-15,UK
90,Bailey Duran DDS,kimberlyjames@example.com,2023-05-31,Spain
91,Wanda Torres,lynchjody@example.org,2024-04-24,Belgium
92,Matthew Moore,andreamoore@example.com,2025-09-16,Spain
93,Julie Johnson,jasmine71@example.net,2024-12-18,Italy
94,Rachel Weber,ronaldstephens@example.net,2024-01-16,Canada
95,Samantha Jones,lauralarson@example.net,2023-09-07,Canada
96,John Torres,gbender@example.net,2024-04-11,Belgium
97,Kyle Preston,cassandra01@example.org,2025-02-24,Switzerland
98,Laura Sampson,barbara27@example.net,2025-12-01,Switzerland
99,Donald Shea,fwalters@example.org,2025-10-27,Netherland
100,Gary Santiago,marksteele@example.com,2025-01-18,Italy
101,Robin Pierce,qmiller@example.com,2025-11-13,Spain
102,Jennifer Robertson,sandovalamy@example.com,2023-07-18,Canada
103,Isaiah Avila,nwolf@example.com,2023-04-13,UK
104,Dwayne Gilmore,omartinez@example.net,2025-05-21,Germany
105,Emily Smith,hdavis@example.com,2024-01-25,France
106,Brittany Cantu,william46@example.com,2023-07-20,Germany
107,Juan Reyes,michellehill@example.com,2025-01-21,Spain
108,Katie Hoover,jessica99@example.net,2024-06-29,Spain
109,Jill Washington,andrea86@example.com,2025-02-17,Switzerland
110,Veronica Allen,xhall@example.com,2024-06-01,Germany
111,John Mcintyre,qhughes@example.net,2023-03-27,Switzerland
112,Andrew Shaw MD,sawyerscott@example.net,2023-09-12,Switzerland
113,Charles Pitts,charlesharrington@example.com,2024-12-28,UK
114,Jennifer Miller,melissa86@example.com,2024-06-27,Canada
115,Olivia Brennan,williamsonjimmy@example.net,2025-09-18,Belgium
116,Nicole Hamilton MD,wallaceheather@example.org,2024-04-09,Canada
117,Anthony Howard,hthomas@example.com,2023-03-31,France
118,Catherine Thompson,pharvey@example.com,2025-06-16,Germany
119,Joel King,elizabeth74@example.net,2025-07-12,Canada
120,Jeremy Reed,danielle64@example.com,2025-05-17,Belgium
121,James Webb,patrickhoward@example.com,2024-05-02,Netherland
122,William Barrett,alan09@example.net,2026-01-09,Germany
123,Stephanie Parsons,catherinegomez@example.net,2025-02-28,Belgium
124,Megan Le,courtneyberger@example.net,2023-11-10,Switzerland
125,Jeremiah Riley,christopherphillips@example.net,2023-03-21,Spain
126,Carlos Ryan,alyssa42@example.com,2024-10-25,UK
127,Elizabeth Harrell,mcdonaldcharles@example.org,2025-02-05,France
128,Veronica Coffey,christopher60@example.com,2025-12-04,Belgium
129,Jacob Curry,brenda51@example.net,2025-05-01,Canada
130,Manuel Hahn,rose31@example.net,2024-01-17,Spain
131,Elizabeth Ortiz,brandonjohnson@example.com,2025-01-09,Canada
132,Stephen Taylor,vwatson@example.net,2023-07-18,Germany
133,Patrick Moore,fpena@example.net,2025-05-07,Belgium
134,Diana Vaughn,scottsampson@example.com,2024-10-13,Canada
135,Mrs. Stephanie Newman,sandersjames@example.org,2023-06-22,Italy
136,Daniel Fowler,williamsmatthew@example.org,2024-12-25,Spain
137,Ronald Spencer,lisahall@example.org,2025-06-14,Netherland
138,Scott Thomas,amberlindsey@example.org,2025-08-01,Spain
139,Bonnie Howard,briannasmith@example.com,2025-11-10,Canada
140,Jason Wilson,alvarezkimberly@example.net,2023-04-10,Canada
141,Jonathan Dougherty,acostaregina@example.net,2025-07-29,France
142,Mason Johnson,bboone@example.net,2025-04-08,Netherland
143,Theodore Jones Jr.,cameronhill@example.net,2023-07-05,UK
144,Erika Vang,shawn96@example.org,2025-07-16,France
145,Matthew Rich,russellbeasley@example.com,2026-01-13,Germany
146,Jennifer Blair,ronald45@example.org,2024-06-28,Netherland
147,Andrea Decker,reynoldsjulie@example.com,2025-12-20,Belgium
148,Laurie Hoffman,elizabeth65@example.net,2023-08-09,Italy
149,Michelle Schmitt,michael98@example.org,2024-11-06,France
150,Courtney Rodriguez,danny49@example.org,2023-09-16,Italy
151,Vanessa Cardenas,lynchdiane@example.net,2024-11-15,Germany
152,Donald Farmer,michael22@example.net,2024-03-09,Germany
153,Charles Schultz,davisalyssa@example.com,2025-11-05,UK
154,Christopher Collins,kimberly99@example.org,2024-11-01,Germany
155,Paul Williams,nelsonebony@example.com,2023-04-10,Canada
156,Donald Fischer,reeddaniel@example.net,2025-08-19,Spain
157,Kelsey Parker,randallgreene@example.org,2025-12-07,Spain
158,Daniel Taylor,keith10@example.com,2023-12-02,UK
159,James Padilla,charles06@example.org,2024-11-17,Canada
160,Shannon Johnston,amckinney@example.com,2025-01-02,Spain
161,Vincent Jackson,xcollier@example.org,2023-07-16,Belgium
162,Dana Chapman,fosterkyle@example.com,2024-11-27,Canada
163,Christopher Dixon,schmidtjames@example.com,2023-12-29,Switzerland
164,Sabrina Briggs,curtisscott@example.org,2024-07-17,Italy
165,Peter Jones,kmarshall@example.net,2025-08-11,Canada
166,Sonia Day,michelle52@example.com,2024-12-16,Italy
167,Mark Hogan,bellcharles@example.com,2023-05-05,Belgium
168,Jacob Mitchell,gilbertwilliam@example.com,2024-12-21,Switzerland
169,Rebecca Huang,kstout@example.net,2025-07-08,Netherland
170,John Hernandez,hayeslisa@example.com,2023-11-07,UK
171,Carrie Wright,hritter@example.net,2023-05-30,Canada
172,Jake Campbell,rschroeder@example.net,2025-08-23,UK
173,Maria Jones,grantpaul@example.com,2023-04-10,Germany
174,Lindsey Hernandez,aguilardonald@example.com,2025-11-03,Italy
175,Melissa Myers,collinsnicholas@example.com,2024-05-14,Italy
176,Sandra Rodgers,lucasrodney@example.com,2023-08-05,Germany
177,Christopher Lewis,ilee@example.org,2023-02-16,Netherland
178,Richard Romero,stanleynancy@example.net,2023-05-18,France
179,Brittany White,jenniferwilliams@example.com,2023-08-10,Canada
180,Tracy Bishop,pyoung@example.com,2025-12-04,Italy
181,Cheyenne Gregory,smurray@example.com,2025-01-16,Italy
182,Tracy Montoya,moniquewilliams@example.com,2025-03-10,France
183,Ashley Singleton,mitchellkathryn@example.com,2024-08-17,Germany
184,Brittany Kim,lisawilkerson@example.org,2024-12-16,France
185,Jonathan Young,brooksanthony@example.org,2024-10-24,Italy
186,Charles Johnson,ihorton@example.net,2025-10-24,Germany
187,Aaron Miller,jason28@example.net,2025-01-16,France
188,Ashley Roberts,david36@example.net,2025-08-21,Netherland
189,Brian Stein,chenbailey@example.net,2025-09-12,Germany
190,Aaron Gomez,qlopez@example.org,2023-08-30,Canada
191,Andrea Fox,myerstheodore@example.net,2025-04-11,Italy
192,Mrs. Alexis Kramer,john19@example.net,2024-09-10,Belgium
193,Harold Morgan,mariacohen@example.net,2024-06-18,UK
194,Robin Brown,mjohnson@example.org,2025-01-31,Italy
195,Emily Collins,ihays@example.com,2023-11-24,Canada
196,Matthew Mitchell,glennmartin@example.org,2024-02-16,Spain
197,James Gonzales,lmorgan@example.com,2024-08-12,UK
198,Tim Stone PhD,mmiller@example.org,2025-12-29,Italy
199,Brian Murphy,kirk96@example.org,2025-05-15,UK
200,Jeremy Acosta,christina64@example.net,2025-12-25,Switzerland
201,Mark Cox,stephaniethomas@example.net,2023-04-18,Italy
202,Amanda Jones,michael90@example.net,2025-12-07,Germany
203,Tiffany Watson,berryalyssa@example.com,2023-09-14,Germany
204,Danielle Wilson,victorhughes@example.net,2024-05-21,Switzerland
205,David Griffin,heather73@example.org,2023-07-20,Netherland
206,Jodi Roach,zosborn@example.net,2023-08-17,Switzerland
207,Michelle Pierce,patricia22@example.com,2024-05-29,Switzerland
208,William Conner,kristyjohnson@example.net,2025-03-19,UK
209,Robert Arnold,jonesraymond@example.net,2025-06-26,France
210,Patricia Morrow,martinezlogan@example.org,2025-01-31,Germany
211,Joseph Anderson,katrinaanderson@example.net,2024-12-18,France
212,Kelly Torres,marcusfletcher@example.com,2023-04-15,Switzerland
213,Sarah King,david49@example.net,2025-04-04,Netherland
214,Caroline David,georgeweber@example.net,2023-06-13,Germany
215,Kristy Bryan,millerstacy@example.net,2024-06-26,Italy
216,Pamela Butler,jimenezcourtney@example.com,2024-03-05,Italy
217,Karen Ballard,eevans@example.net,2025-10-12,Italy
218,Jason Marshall,catherine55@example.net,2023-04-22,Canada
219,Bianca Wood,floressteven@example.com,2024-07-08,UK
220,Brent Roberts,alin@example.org,2024-12-17,Spain
221,Taylor Griffith,kathrynjimenez@example.net,2023-09-24,Switzerland
222,Mr. Alexander Landry MD,jasongomez@example.org,2025-01-13,Spain
223,Stephen Pena MD,booneryan@example.com,2024-03-31,Belgium
224,Holly Morales,michaelroberts@example.com,2024-08-09,UK
225,Joshua Bryan,andersoncolin@example.com,2025-03-12,Italy
226,Holly Thomas,cporter@example.org,2024-06-28,Germany
227,Regina Stone,catherinerobertson@example.com,2023-08-19,UK
228,James Jensen,brittney88@example.net,2025-08-28,Canada
229,Elizabeth Cabrera,mark16@example.net,2025-02-17,Germany
230,Molly Watts,carlsonjoseph@example.net,2024-05-10,France
231,Mikayla Silva,alexandriagriffith@example.com,2025-07-05,Canada
232,Dana Armstrong,leescott@example.com,2023-09-05,France
233,Damon Shaw,vsalas@example.net,2023-09-11,Germany
234,Kelly Hoffman,ufox@example.org,2023-04-25,Italy
235,Gloria Gomez,chelsea33@example.com,2025-01-02,Spain
236,Todd Hendrix,janet75@example.com,2025-06-03,Switzerland
237,Taylor Griffith,david86@example.com,2024-07-13,UK
238,Regina Roberts,stephanie15@example.com,2024-07-08,UK
239,John Harris,sarah42@example.org,2025-11-03,Italy
240,Cynthia Williams,danawilliams@example.com,2025-09-01,Switzerland
241,Ashlee Townsend,oconnelltiffany@example.org,2024-06-15,France
242,Shirley Alvarez,katelynmitchell@example.com,2024-10-12,Spain
243,Randy Pearson,amandasharp@example.org,2025-10-18,Switzerland
244,Ryan Peck,osbornrandy@example.com,2023-10-17,France
245,Tonya Howe,smithashley@example.org,2023-11-04,Switzerland
246,William Daniels,ismall@example.net,2024-06-22,Belgium
247,Robert Rivera,twong@example.org,2025-01-15,UK
248,Rachel Bradley,gregorychase@example.com,2023-02-09,Belgium
249,Angie Caldwell,tinawoods@example.org,2024-11-13,Switzerland
250,David Molina,kevin90@example.com,2023-01-29,Canada
251,David Contreras,zparker@example.net,2025-10-30,UK
252,Stacy Carrillo,fowlershelia@example.com,2025-03-09,Spain
253,Tyler Mendoza,madkins@example.com,2025-08-30,Italy
254,Susan Todd,kathleenbecker@example.net,2024-10-25,Belgium
255,Kelsey Cox,brownamy@example.net,2023-05-26,Italy
256,Brittany Murphy,nwilson@example.net,2023-11-29,France
257,Steven Griffin Jr.,williambryant@example.org,2025-07-12,Canada
258,Robert Cummings,ascott@example.net,2025-06-05,France
259,Amber Cooper,weaverbrian@example.org,2023-12-23,Netherland
260,Jason Mack,ybrooks@example.com,2025-01-21,France
261,Michael Stanley,desireebailey@example.org,2024-08-27,France
262,Cameron Irwin,avilatiffany@example.com,2025-05-02,UK
263,Jessica Gray,johnreed@example.com,2025-11-30,Canada
264,Molly Rodriguez,bmendez@example.org,2023-11-07,Canada
265,Kirk Griffin,sanchezbradley@example.com,2023-12-05,Spain
266,Nicole Parsons,williamroberts@example.net,2024-01-18,France
267,Kyle Chambers,joel28@example.org,2025-07-01,Canada
268,Antonio Fry,conniesimmons@example.com,2024-10-22,Germany
269,Teresa Powers,heather62@example.com,2023-04-01,Spain
270,Joshua Allen,kevinzimmerman@example.com,2024-08-25,Germany
271,Tracy Grant,paulscott@example.com,2023-04-18,Germany
272,Jerry Watson,brettbennett@example.net,2025-10-19,Italy
273,Benjamin Ballard,timothybooth@example.com,2025-08-12,Switzerland
274,Alexis Giles,burgesskaren@example.org,2024-05-03,Germany
275,Christine Herman,kimberly67@example.net,2026-01-03,Italy
276,Dennis Hunt,zowens@example.net,2025-10-22,France
277,Erica Harris,robert93@example.net,2025-01-17,Germany
278,Juan Silva,mphillips@example.com,2023-09-02,Switzerland
279,Roy Porter,jonathan77@example.com,2024-01-11,Canada
280,Heather Taylor,iwhite@example.net,2023-10-07,Netherland
281,Sara Jones,duranrobert@example.net,2023-04-20,Belgium
282,Chris Robinson,nbrooks@example.net,2024-01-13,Italy
283,Susan Hopkins,smithandrea@example.org,2025-11-19,Netherland
284,Denise Madden,shawheidi@example.com,2023-02-13,Italy
285,Brent Hernandez,christineking@example.com,2023-10-24,Belgium
286,Angela Chung,scunningham@example.org,2024-03-09,Switzerland
287,Sarah Valdez,davisnicholas@example.net,2024-04-28,Spain
288,Adam Jackson,pbruce@example.com,2025-01-27,Belgium
289,Valerie Jacobson,hallrachel@example.net,2025-06-16,UK
290,Anthony Jones,rachel90@example.org,2025-06-17,Netherland
291,Daniel Thomas,thickman@example.org,2024-05-21,Germany
292,Ruben Price,patrick21@example.net,2025-06-13,France
293,Jeffrey Roberson,cassie99@example.com,2024-07-09,UK
294,Donald Riddle,jperez@example.com,2024-06-09,Germany
295,Kevin James,lauren11@example.com,2024-11-19,Germany
296,Richard Moore,gstewart@example.org,2023-09-15,Canada
297,Jill Juarez,andersonjacob@example.com,2023-01-27,Italy
298,Jennifer Johnson,angela99@example.com,2025-06-02,Canada
299,Jason Maxwell,ashleyjackson@example.com,2024-09-08,Belgium
300,Eric Snyder,jacksonjoshua@example.com,2023-10-09,Spain
301,Heather Raymond,mwheeler@example.com,2025-02-09,Netherland
302,Adam Foster,vbrock@example.com,2023-07-04,Germany
303,Rodney Curtis,kevinmorrison@example.net,2024-06-21,Italy
304,Christopher Sanders,kelly79@example.org,2023-11-27,Netherland
305,Robert Long,frederickjames@example.net,2024-06-08,Belgium
306,Krista Benton,nhahn@example.com,2023-10-25,Spain
307,Andrea Abbott,ichambers@example.net,2024-04-15,UK
308,Matthew Espinoza,mjones@example.com,2024-05-03,Canada
309,Jonathon Knapp,ystephens@example.com,2025-07-11,Belgium
310,Kimberly Little,rodriguezjohn@example.net,2026-01-12,Canada
311,Lonnie Hart,vrasmussen@example.com,2024-07-23,France
312,David Dixon,seanmyers@example.net,2023-07-02,Canada
313,Brittany Cuevas,agarcia@example.org,2025-07-21,Belgium
314,Monica Bailey,stanley38@example.com,2023-07-18,Germany
315,Jeffrey Horton,carlos01@example.org,2024-07-13,Spain
316,Megan Martin,zacharyarnold@example.com,2024-07-04,Belgium
317,Joel Salinas,jacobsandoval@example.com,2025-06-06,Germany
318,Sonya Cole,tprice@example.org,2023-03-05,Germany
319,Michael Flynn,lloydamanda@example.com,2023-12-04,Canada
320,Brian Lambert,orose@example.com,2024-06-08,Spain
321,James Wilson,megan92@example.net,2025-08-03,Belgium
322,Leslie Powers,david41@example.org,2024-04-25,Belgium
323,Kayla Barnes,baileyhenderson@example.com,2024-08-20,Italy
324,Tamara Arias,angelaburns@example.org,2025-10-02,Netherland
325,Jerry Brown,stephanie72@example.org,2023-11-05,Italy
326,Kathy Simpson,cperry@example.com,2024-09-06,Belgium
327,Andre Juarez,antonio38@example.com,2023-10-05,Canada
328,Krystal Barton,hdunn@example.net,2023-10-07,UK
329,Joshua Ritter,wolfscott@example.org,2023-07-15,Belgium
330,Ronald Potter,nancy07@example.com,2024-11-09,France
331,Angie Grimes,rowejoel@example.net,2024-07-13,Germany
332,Shannon Bishop,imartin@example.org,2025-07-20,Switzerland
333,Laura Patel,mariopadilla@example.com,2023-12-06,Belgium
334,Scott Duke,taylorkaren@example.com,2025-06-26,France
335,Sharon Martinez DVM,dustinmorris@example.org,2023-04-21,France
336,Charles Chen,ebrooks@example.net,2025-12-04,Netherland
337,Paul Neal,shawn75@example.net,2023-06-12,Spain
338,Sarah Davis,sreid@example.com,2023-01-22,Belgium
339,Jennifer Donaldson,troymorris@example.com,2023-04-27,Spain
340,Bianca Phelps,patricia00@example.org,2024-06-26,UK
341,Julia Martinez,scottsmith@example.com,2025-09-17,Canada
342,Susan Khan MD,clarence54@example.org,2023-11-29,Switzerland
343,Mariah Williams,jessica36@example.net,2024-08-18,Canada
344,April Woods,brittneystone@example.com,2023-06-09,France
345,Greg Martinez,ebenson@example.org,2023-02-02,Germany
346,Nicholas Garcia,michael42@example.com,2024-01-09,Germany
347,Megan Jones,bishopfrank@example.com,2023-08-13,Spain
348,Brittany Jenkins,fheath@example.org,2023-12-15,Canada
349,Leah Cruz,iedwards@example.org,2023-08-24,France
350,Danielle Burke,kimberly04@example.org,2024-03-24,Netherland
351,Chelsea Myers,bowerslaura@example.org,2025-04-02,Canada
352,David Little,ricetiffany@example.com,2025-02-25,Spain
353,Scott Carroll,amy27@example.org,2024-05-24,Switzerland
354,Alexis Lewis,fryraymond@example.com,2023-02-13,Spain
355,Pamela Henderson,imiller@example.net,2025-09-21,France
356,Bradley Miller,terrimoore@example.com,2025-09-01,Belgium
357,Pamela Santos,collinssamuel@example.org,2024-09-16,Netherland
358,Tim Wilson,parkerjudith@example.net,2023-04-18,France
359,Michael Miles,tylerreed@example.net,2023-10-18,Netherland
360,Cameron Norman,jessica10@example.com,2024-02-25,Italy
361,Austin Joseph,crawfordwilliam@example.org,2024-11-15,Italy
362,Carol Moore,shannonemily@example.org,2025-03-05,Germany
363,April Trevino,sanchezthomas@example.com,2024-01-08,Netherland
364,Tyler Johnson,pwalker@example.com,2023-09-09,Canada
365,Blake Watson,whitelinda@example.org,2024-05-30,Switzerland
366,John Campbell,mark87@example.org,2024-10-02,Spain
367,Justin Torres,stevenvargas@example.com,2024-08-14,Italy
368,Kimberly Flynn,adamortiz@example.org,2023-11-18,Spain
369,Ryan Wiley,aaron64@example.org,2025-05-09,Spain
370,Cynthia Vasquez,kaufmandouglas@example.com,2023-12-03,Switzerland
371,David Bruce,xhaynes@example.com,2023-06-12,France
372,Kathy Walsh,kjones@example.org,2023-05-30,Spain
373,Bianca Carter,sara65@example.com,2024-11-24,Netherland
374,Benjamin Harris,moorefrank@example.com,2024-12-22,Switzerland
375,Joshua Oconnell,shannonford@example.org,2024-05-20,Italy
376,Michael Mckenzie,lewismelissa@example.org,2023-06-08,Belgium
377,Tracy Foster,byrdjorge@example.org,2023-06-09,Spain
378,Sarah Hawkins,codygarcia@example.org,2023-03-08,Germany
379,Ronald Haas,jamesmorales@example.net,2023-07-26,Switzerland
380,Angela Willis,johnsoncaleb@example.net,2025-09-24,France
381,Anna Boone,david70@example.org,2024-12-07,UK
382,Nathaniel Crawford,lvega@example.com,2025-06-28,Italy
383,Denise Griffin,austinharvey@example.org,2023-12-18,Italy
384,Jason Pierce,millerpatrick@example.com,2025-10-20,UK
385,Rebecca Wright,mayokimberly@example.com,2023-11-24,Netherland
386,Kari Durham,paul20@example.com,2025-02-02,Belgium
387,Steven Osborne,stokesthomas@example.com,2025-08-03,Italy
388,Dr. Ariel Sandoval MD,gallagherstacie@example.net,2025-07-14,Italy
389,Ryan Bruce,joelstewart@example.net,2024-09-13,France
390,Kevin Warner,stacey92@example.net,2026-01-06,Italy
391,Rita Waller,gregory01@example.org,2023-11-07,Switzerland
392,Alicia Woods,samantha32@example.com,2024-01-15,Netherland
393,Sarah Morris,hernandezjanet@example.org,2023-10-21,Belgium
394,Shannon Yu,janet69@example.org,2023-07-10,Germany
395,Chad Moore,fconner@example.net,2024-06-24,Belgium
396,Wayne Steele,jeffrey92@example.com,2024-05-25,Netherland
397,Elizabeth Thompson,rushstacy@example.com,2024-05-09,Canada
398,Lance Mccall,daniellegarcia@example.com,2025-06-18,Switzerland
399,Blake Reed,gary15@example.com,2023-08-25,Canada
400,David Jones,kristin00@example.com,2023-02-05,Netherland
401,Tracy Wilkerson,wmacias@example.net,2024-11-29,France
402,John Shields,franciscojones@example.org,2024-08-24,Germany
403,Dean Garcia,george62@example.net,2024-04-21,Belgium
404,Stephanie Davis,bbush@example.net,2023-05-15,Spain
405,Jessica Brown,jamie36@example.net,2023-10-02,Belgium
406,Monica Baker,kenneth10@example.com,2025-05-28,France
407,Katherine Brown,pattersonkelly@example.net,2025-06-25,Germany
408,Christina Johnson,daniellerowland@example.com,2025-09-16,Switzerland
409,James Burns,christopher86@example.org,2023-07-17,Netherland
410,Jaclyn Griffin,scott43@example.com,2024-08-17,Netherland
411,Paul Contreras,barnettlindsey@example.com,2025-06-13,Switzerland
412,Antonio Hughes,rsheppard@example.com,2025-07-23,Canada
413,Karen Miller,shawrachel@example.net,2025-06-26,Germany
414,Mrs. Tiffany Cole,teresastokes@example.org,2025-12-06,Switzerland
415,William Graham,maryscott@example.net,2023-03-26,Italy
416,Justin Arnold,april09@example.net,2023-05-03,Belgium
417,Ashley Hernandez,buckleyanna@example.org,2025-04-09,France
418,Sheryl Humphrey,patrick79@example.net,2024-04-07,Switzerland
419,Donald Thomas,vwilliams@example.net,2025-01-22,France
420,John Adams,andrew44@example.com,2024-01-23,Canada
421,Melinda Compton,dennismccann@example.com,2025-02-20,Canada
422,Jason Brewer,scottmcintyre@example.com,2024-05-31,Italy
423,Sharon Nicholson,cameronmckinney@example.com,2025-02-09,Netherland
424,Kelly Carroll,jameswhitaker@example.org,2023-08-17,Switzerland
425,Anthony Ward,joshuacolon@example.net,2024-02-10,Germany
426,Becky Johnson,tracy72@example.com,2024-09-26,Netherland
427,Hailey Monroe,kaitlyn14@example.org,2025-07-18,Netherland
428,Scott Chan,mercedesholland@example.net,2024-09-10,Germany
429,Jason Smith,wellsdavid@example.org,2023-12-06,Belgium
430,Courtney Franklin,jennifer46@example.com,2025-08-09,Canada
431,Daniel Turner,asilva@example.net,2024-07-13,Belgium
432,Sara Hoffman,kenneth17@example.org,2025-11-12,Switzerland
433,Margaret Hensley MD,jacob83@example.org,2024-06-24,Netherland
434,Francisco Taylor,rioswhitney@example.com,2025-08-08,Switzerland
435,Norman Aguilar,matthewreeves@example.net,2024-10-30,Belgium
436,Karen Shepard,william28@example.org,2025-04-28,Canada
437,Carl Green,staceylam@example.net,2024-04-19,Spain
438,Daniel Savage,vfrench@example.com,2023-06-06,Italy
439,Julie Wilson,delacruzbrandy@example.net,2024-02-27,Switzerland
440,Cory Wilson,amoreno@example.org,2023-05-09,Switzerland
441,Curtis Ortiz,tthomas@example.org,2023-09-10,Spain
442,Mr. Christopher Walters,hayesjason@example.org,2023-05-24,Belgium
443,Katherine Gallagher,andersonryan@example.com,2025-07-02,Switzerland
444,John Smith,jessicadodson@example.com,2024-10-06,Canada
445,Michael Sims,jeremywiley@example.com,2025-04-22,France
446,Jonathan Torres,colonkenneth@example.com,2023-08-07,Belgium
447,Linda Morgan,matthewvalenzuela@example.com,2024-12-27,Belgium
448,Terry Burnett,perezjessica@example.org,2023-11-07,Italy
449,Leah Jackson,jennifer06@example.net,2023-12-13,Switzerland
450,Lisa Wheeler,stanleydesiree@example.org,2024-02-20,Netherland
451,Jennifer James,thomas23@example.net,2023-04-03,UK
452,Elizabeth Stanley,cindy26@example.org,2025-12-19,UK
453,Autumn Wilson,jimenezchelsea@example.com,2025-03-23,UK
454,Heather Ortiz,benjamincrawford@example.org,2025-04-10,Italy
455,Erin Smith,meadowsmary@example.net,2025-12-23,Canada
456,Brandon Hunt,conwaydawn@example.com,2025-02-24,UK
457,Anthony Li,phelpsmichael@example.net,2024-04-22,Spain
458,Brian York,smithdevon@example.net,2024-05-18,Germany
459,Steven Friedman,natalie15@example.com,2023-10-10,Belgium
460,James Bryant,evaughn@example.com,2023-10-30,Canada
461,Carol Anderson,jarvismegan@example.org,2025-10-22,Netherland
462,Karen Carroll,ywhite@example.com,2024-10-26,Germany
463,Michael Roberson,timothyfreeman@example.com,2025-08-25,Italy
464,Dennis Edwards,tiffanysantiago@example.com,2024-12-03,Belgium
465,Mercedes Davis,timothyalvarado@example.net,2025-04-04,Italy
466,Ronald Mcclain,smithsarah@example.net,2024-09-07,Italy
467,Sheila Jones,vflores@example.com,2025-01-17,Spain
468,Krista Gray,christianwallace@example.net,2023-04-07,France
469,Jonathan Stewart,bmcgee@example.org,2024-12-15,France
470,Justin Smith,connersylvia@example.net,2024-10-06,Italy
471,Kristina Pena,xclements@example.org,2024-05-06,UK
472,Evelyn Saunders,xmoran@example.net,2023-12-31,Germany
473,Peter Walker,michael48@example.net,2024-12-21,UK
474,Amber Martin,lydianewton@example.com,2024-08-21,Switzerland
475,Craig Martinez,ylewis@example.org,2023-07-04,Italy
476,Jason House,bartonshannon@example.net,2024-06-26,Switzerland
477,Brandy Porter,tranryan@example.net,2025-07-22,UK
478,Priscilla Kent,jessicaanderson@example.com,2025-02-07,Switzerland
479,Sonya Gordon,mbarnes@example.net,2025-11-05,Italy
480,Victor Waller,iballard@example.com,2024-02-08,Spain
481,Nicole Evans,jennifer83@example.org,2025-08-11,France
482,Donna Reed,tinasantos@example.org,2023-12-10,Germany
483,Mallory Page,anna99@example.net,2025-03-11,Switzerland
484,Stephanie Ferguson,hstokes@example.org,2024-10-28,Italy
485,Anthony Brown,karen24@example.net,2023-02-27,Spain
486,Antonio Mueller,karenjohnson@example.com,2024-02-12,Canada
487,Megan Hoffman,juliahoffman@example.org,2023-06-27,UK
488,Rebecca Roberts,housepaul@example.net,2025-03-22,France
489,Amy Manning,christinenorman@example.com,2024-05-18,Canada
490,Michele Holland,kimberlybrandt@example.com,2024-01-04,Italy
491,Michael Lopez,jillwilson@example.org,2024-12-16,Germany
492,Dennis Martin,adam72@example.org,2024-11-14,UK
493,Linda Ayala,tracy98@example.com,2023-09-14,Spain
494,Emily Robinson,abigailhartman@example.org,2023-05-12,UK
495,Jennifer Bailey,elizabethrivera@example.com,2024-10-26,Canada
496,Lisa Wells,wilsonmichael@example.org,2023-12-24,Canada
497,Lisa Haley,patrick16@example.com,2025-10-12,Netherland
498,Allison Black,willie87@example.com,2025-05-07,UK
499,Matthew Flores,vaughangary@example.net,2023-03-28,Canada
500,Austin Santiago,michellecoleman@example.org,2025-04-26,Switzerland
501,Michele Cherry,elucas@example.net,2023-12-04,Canada
502,Joe Rivera,jonesgregory@example.com,2025-12-19,UK
503,Roberto Bartlett,ohughes@example.com,2025-06-03,Spain
504,James Wilson,maychristine@example.net,2024-11-21,UK
505,Ryan Howard,robertsgina@example.net,2025-07-16,UK
506,Timothy James,wellsamanda@example.org,2023-06-02,Belgium
507,Sarah Phillips,kennetheaton@example.net,2024-09-17,Italy
508,Travis Spencer,davidsmith@example.net,2025-10-21,Belgium
509,Theresa Torres,jason82@example.org,2024-09-22,Canada
510,Ruben Lee,emilybradley@example.org,2023-10-31,UK
511,Joshua Roberts,kingjames@example.net,2025-05-20,Italy
512,Heather Lambert,craigharvey@example.org,2025-02-13,Belgium
513,Mr. Matthew Steele,arianadiaz@example.com,2024-05-26,UK
514,Erik Floyd,xhill@example.org,2024-11-14,Germany
515,Sherry Ford,kim78@example.org,2025-12-09,Belgium
516,Angela Ramirez,patriciagonzalez@example.net,2023-10-19,Italy
517,Bernard Smith,hessbeth@example.net,2025-09-18,Belgium
518,Kristen Stephens,jvaldez@example.com,2023-12-15,Netherland
519,Raymond Quinn,dennis88@example.org,2024-09-19,Netherland
520,Adam Allen,katherinetaylor@example.org,2024-09-26,Canada
521,Krystal Brennan,jillwebb@example.com,2023-10-24,Germany
522,John Brown,jim38@example.com,2023-03-22,Spain
523,Jesse Williams,dakota84@example.net,2024-09-12,Spain
524,Laura Bennett,pdiaz@example.org,2024-03-03,Italy
525,William Walker,wgomez@example.com,2025-03-31,Switzerland
526,Adriana Macias,emartin@example.net,2025-02-05,Spain
527,Chris Moore,guerrerorobert@example.com,2025-10-14,Italy
528,Mr. Daniel Martin,cjohnson@example.org,2023-07-14,Germany
529,Brandy Hunt,brianscott@example.org,2025-06-27,Switzerland
530,Linda Elliott,johnsjessica@example.com,2025-03-31,Switzerland
531,Lawrence Ruiz,ajackson@example.net,2023-06-01,Netherland
532,Samantha White,gary57@example.net,2023-08-28,Canada
533,James Anderson,harrismichele@example.net,2025-07-24,UK
534,Chase Davis,mvalenzuela@example.org,2025-12-17,Switzerland
535,Autumn Olson,rachelryan@example.org,2025-04-23,France
536,Kelly Wood,wolferoy@example.com,2025-12-08,Italy
537,Robert Velez,colemanjonathan@example.org,2024-09-02,Switzerland
538,Shawn Ortiz,adammanning@example.org,2023-05-29,Switzerland
539,Kelly Brooks,gwendolynstewart@example.com,2025-07-04,France
540,Matthew King,ncunningham@example.com,2023-07-03,Switzerland
541,Dalton Arnold,jwhite@example.net,2025-12-11,UK
542,Eric Cooper,qfitzgerald@example.org,2025-02-08,France
543,Michael Martin,williamhartman@example.net,2024-01-10,Netherland
544,Michelle Martin,brockmadeline@example.com,2025-08-29,Belgium
545,Austin Walker,lynchjenny@example.com,2025-08-08,Switzerland
546,Donna Stuart,bautistalori@example.net,2025-08-29,Switzerland
547,Dakota Sandoval,james98@example.net,2025-02-24,Canada
548,Christopher Johnson,dianacantrell@example.org,2026-01-08,Canada
549,Heather Foster,aprilmclaughlin@example.org,2024-03-22,Italy
550,Molly Hansen,michael43@example.net,2023-06-08,UK
551,Jared Smith,richardrodriguez@example.org,2023-11-17,Italy
552,Travis Pratt,nancy94@example.net,2025-03-10,Belgium
553,Kristine Carrillo,susan77@example.net,2024-12-06,Switzerland
554,Mr. James Kramer,ericahall@example.com,2023-03-02,UK
555,Kelli Smith,john16@example.net,2024-10-20,France
556,Timothy Woods,jeffery94@example.org,2024-07-03,Switzerland
557,Cheryl Mclaughlin,jillsalas@example.org,2025-12-15,Netherland
558,David Montgomery,kimberlywilson@example.org,2024-01-10,Switzerland
559,Katherine Smith,charlesnathan@example.com,2025-12-03,Spain
560,Sierra Andrews,travis84@example.com,2025-02-21,UK
561,Bethany Fox,imendoza@example.org,2023-12-30,Spain
562,Scott Parsons,sbray@example.net,2025-03-09,Canada
563,Adam Craig,ucarpenter@example.com,2025-01-02,France
564,Chelsea Baker,thomas95@example.com,2025-08-27,Switzerland
565,Mr. Michael Watson PhD,shannon92@example.net,2023-10-31,France
566,Brett Nelson,angelachase@example.org,2025-12-19,Germany
567,Nancy Kennedy,thompsonvictor@example.net,2023-09-02,Switzerland
568,Emily Tucker,anna90@example.com,2025-04-01,Spain
569,Amy Cervantes,gcombs@example.com,2023-06-21,UK
570,Isaac Grant,maurice61@example.com,2024-06-21,Spain
571,Christina Johnston,tiffanymitchell@example.com,2025-12-09,France
572,Patricia Griffin,jamesjustin@example.net,2025-11-29,Belgium
573,Margaret Mcfarland,kwelch@example.com,2023-09-01,Switzerland
574,Greg Edwards,jennifer96@example.com,2023-05-09,Netherland
575,Teresa Adkins,lgutierrez@example.org,2024-12-10,Italy
576,Mary Shepard,clarkrandy@example.org,2023-08-01,UK
577,Kara Brown,fwarren@example.org,2023-04-28,Netherland
578,Angela Huynh,pparker@example.net,2024-03-01,Netherland
579,Cameron Rose,anthonyalvarado@example.com,2024-04-04,Switzerland
580,Seth Donovan,staylor@example.net,2025-01-27,Belgium
581,Joyce Curry,omills@example.net,2023-10-21,Switzerland
582,Karen Perez,ramosmichael@example.com,2024-05-14,Belgium
583,Aaron Ochoa,mauriceharrison@example.org,2023-09-17,Germany
584,Theresa Woods,cannonlauren@example.net,2025-12-22,UK
585,Kimberly Lopez,kfoster@example.net,2024-01-13,France
586,James Baker,hgarrett@example.net,2025-10-18,Canada
587,Dominique Paul,robert12@example.org,2025-12-31,France
588,Jesse Chavez,blopez@example.org,2024-04-12,Netherland
589,Alison Compton,joseph70@example.org,2023-04-06,Italy
590,Johnny Peterson,kristi75@example.com,2023-06-08,Germany
591,Erin Bridges,brianrowe@example.org,2026-01-05,France
592,Corey Skinner,hclayton@example.net,2025-05-11,France
593,William Wright,gonzalezjill@example.org,2024-02-09,Italy
594,Christine Price,sharon20@example.net,2025-04-07,Italy
595,Dawn Little,michaelwilliams@example.net,2025-05-21,France
596,Cynthia Hamilton,jacksonjoshua@example.org,2023-12-23,Spain
597,Alexa Williams,jbarker@example.com,2024-09-24,Italy
598,Jonathan Parks,sarah00@example.com,2023-06-07,Spain
599,Joshua Rodriguez,jhall@example.net,2025-10-16,UK
600,Jessica Lee,ihoward@example.com,2024-07-11,Germany
601,Mr. Edward Terry,ashleystephens@example.com,2023-03-21,Italy
602,Ronald Rocha,caseymoore@example.com,2025-01-15,UK
603,Jordan Parsons,bgross@example.net,2024-03-03,Belgium
604,Cynthia Le,rlee@example.com,2024-08-06,Netherland
605,Douglas Ortiz,daniel81@example.org,2025-05-24,Spain
606,Andre Rodriguez,coreyduncan@example.com,2023-08-08,Germany
607,Marcus Garza Jr.,catherinejones@example.org,2025-11-06,Spain
608,Steve Miller PhD,wardjulia@example.com,2025-11-02,Belgium
609,Amy Jensen,navarromary@example.org,2024-08-14,Germany
610,Anne Hardy,hlopez@example.net,2023-12-20,France
611,Theresa Hansen,xreese@example.net,2024-02-09,Belgium
612,Jimmy Ortega,jacksonhenry@example.com,2025-07-02,Switzerland
613,Christopher Murillo,umahoney@example.net,2025-03-13,Switzerland
614,Jennifer Schultz,charlene98@example.org,2024-06-06,Italy
615,Tammy King,zwest@example.org,2024-08-23,Germany
616,Ms. Kelly Holder,adam33@example.com,2023-03-13,Italy
617,Terri Short,clintonstevens@example.org,2023-02-21,Germany
618,Steve Wright,lisa19@example.com,2023-08-22,Belgium
619,Morgan Cummings,sthompson@example.net,2025-06-21,Germany
620,Anna May,crossbarbara@example.org,2025-07-02,France
621,Felicia Hobbs,hbutler@example.org,2023-04-15,Netherland
622,Tanya Walters,hbrown@example.org,2025-10-29,Canada
623,Brittany Shaw,ericnunez@example.com,2024-05-29,Switzerland
624,Laura Davis,zroberts@example.org,2024-12-11,Netherland
625,John Mcgee,zbaker@example.net,2023-08-12,Germany
626,Bianca Taylor,tonypearson@example.org,2024-11-23,Canada
627,Nancy Sanchez,adamsrussell@example.net,2025-06-08,Netherland
628,Michael Henderson,james59@example.net,2025-07-01,France
629,Caroline Bailey,chanson@example.org,2023-02-25,Switzerland
630,James Todd,rodriguezbrian@example.net,2024-01-16,UK
631,Samantha Smith,torresthomas@example.com,2023-09-05,Germany
632,Christy Payne,ana92@example.net,2023-12-09,Switzerland
633,Jamie Escobar,scottbrian@example.org,2026-01-08,Netherland
634,Amy Pena,jonesdonna@example.net,2026-01-05,UK
635,Brian Carter,yhall@example.net,2025-11-09,Spain
636,Kari Harper,lopezvincent@example.com,2023-06-22,Switzerland
637,Alison Wright,matthew62@example.org,2025-06-07,Spain
638,Heather Turner,lisa46@example.org,2024-07-10,Canada
639,Courtney Peterson,fsandoval@example.net,2025-05-30,Belgium
640,Megan Salas,robertberry@example.com,2024-09-03,Canada
641,Erin Daniels,denisecarpenter@example.net,2024-05-18,UK
642,Ellen Thornton,russellstout@example.org,2023-11-29,UK
643,Sylvia Stewart,whitemary@example.org,2025-11-03,Switzerland
644,Sheryl Gutierrez,vturner@example.net,2023-03-05,Belgium
645,Cole Anderson,farmercheryl@example.com,2024-03-19,Netherland
646,Crystal Hall,howardhailey@example.com,2025-08-16,Italy
647,Lisa Joseph,jack67@example.com,2023-08-15,Germany
648,Darrell Ortiz,schaeferstephanie@example.org,2023-08-20,Belgium
649,Norma Jones DVM,fcamacho@example.net,2025-11-26,UK
650,Stacy Patterson,franklinmadison@example.net,2024-06-06,Italy
651,Todd Armstrong,meyershannon@example.org,2024-05-19,UK
652,Jennifer Moss,oblack@example.org,2024-02-04,Switzerland
653,James Torres,steven64@example.net,2023-11-09,Netherland
654,Stephanie Ford,gdavis@example.org,2023-04-13,France
655,Teresa Horton,phillipmorris@example.org,2023-10-25,UK
656,Steven Huang,udavis@example.net,2023-10-23,Netherland
657,Rebecca Higgins,davisjasmin@example.net,2025-10-22,Spain
658,Michael Acosta,nicholasjames@example.org,2024-08-04,UK
659,Mary Hernandez,haroldjoseph@example.com,2024-06-22,Italy
660,Randy Griffin,davidanderson@example.org,2024-05-11,Netherland
661,Dawn Ellis,astephens@example.net,2023-01-24,Belgium
662,Kevin Alvarez,mramos@example.net,2025-02-23,Netherland
663,Joshua Harvey,brandonhernandez@example.net,2023-01-29,Belgium
664,Scott Estrada,mark10@example.org,2024-07-14,Belgium
665,Candace Mitchell DDS,tammycurry@example.com,2024-10-27,Canada
666,Edwin Richardson,wwilkins@example.com,2023-03-15,France
667,John Martinez,mark68@example.org,2025-05-23,Canada
668,Anthony Duncan,webbhaley@example.net,2026-01-03,Italy
669,Ryan Green,sara99@example.com,2024-04-09,Germany
670,Kathleen Morton,jeanettekrause@example.org,2025-04-05,Italy
671,Mario Wilson,laurenduarte@example.com,2023-07-21,Switzerland
672,Justin Walsh,davidsonhannah@example.com,2023-03-30,UK
673,Jonathon Nguyen,wilsonmathew@example.com,2023-05-04,Canada
674,Alyssa Thompson,martha77@example.org,2025-06-20,Italy
675,Christopher Murray,steven60@example.net,2025-10-17,UK
676,Megan Peters,clarkgina@example.com,2024-04-28,UK
677,Diana Johnson,ksims@example.net,2023-05-01,UK
678,Kurt Hancock,janet50@example.com,2025-08-16,France
679,Shawn Watson,javier42@example.org,2024-10-22,Germany
680,Paula Gentry,zhunter@example.com,2024-08-22,Belgium
681,Gerald Webb,kimberly21@example.net,2025-03-05,Italy
682,Christine Johnson MD,smithsarah@example.net,2025-12-05,Switzerland
683,Felicia Small,meyerdonna@example.com,2025-07-30,Italy
684,Emily Mcclain,james44@example.net,2023-02-22,Belgium
685,Megan Nelson,joshuasmith@example.net,2024-05-28,Netherland
686,Christine Bell,joseph49@example.org,2025-06-06,UK
687,Louis Morgan,bwilliams@example.com,2023-10-12,Canada
688,James Miller,mwhite@example.net,2025-12-03,Canada
689,Melissa Jensen,martin38@example.org,2025-09-22,Netherland
690,Anna Lang,tdavis@example.net,2025-01-11,Switzerland
691,Julie Hall,douglashuang@example.com,2025-10-16,Canada
692,Michael Ortega,shawn01@example.com,2024-08-05,Netherland
693,Joel Jackson,cassandra28@example.org,2023-07-13,Netherland
694,Rebecca Nguyen,sparksamanda@example.com,2024-10-10,UK
695,Marc Kelley,vreyes@example.org,2025-07-24,Belgium
696,Rachel Graham,amy32@example.net,2026-01-01,Belgium
697,Timothy Andrews,mwilson@example.com,2025-11-24,Belgium
698,Samantha Thompson,gjones@example.net,2024-06-07,Italy
699,Jamie Snyder,davislisa@example.net,2025-08-02,Germany
700,Nicole Guerrero,yschmidt@example.net,2025-10-03,Italy
701,Daniel Rich,ashley46@example.net,2025-07-04,Netherland
702,Lauren Carr DDS,melissabrown@example.net,2024-07-06,Germany
703,Justin Irwin,callahanmichelle@example.org,2023-04-11,Canada
704,Jennifer Flores,bsullivan@example.net,2024-11-19,Spain
705,Karen Lopez,xbridges@example.com,2023-12-13,Italy
706,Shane Martinez,jonesalfred@example.net,2023-09-15,Italy
707,Vanessa Taylor,dawnperry@example.com,2025-02-13,UK
708,Jessica White,carnold@example.com,2026-01-03,Belgium
709,Jeff Smith,pbradford@example.net,2024-07-23,Canada
710,Timothy Johnston,goodashley@example.net,2025-03-08,Belgium
711,John Vaughn,jessicafox@example.com,2024-08-13,Germany
712,Kelly Bishop,thomasharmon@example.net,2025-01-10,Italy
713,Kimberly Riley,bergeramanda@example.org,2023-05-20,Belgium
714,Taylor Berry,robert44@example.org,2025-01-16,Italy
715,Linda Torres,bryan79@example.org,2023-03-14,Netherland
716,William Lamb,mitchellchristopher@example.net,2025-06-26,Spain
717,Diana Anderson,joshua40@example.net,2023-05-18,Belgium
718,Susan Stevenson,lwood@example.com,2023-07-11,France
719,Christopher Rose,cooperchristopher@example.org,2026-01-11,Canada
720,Brittany Crawford,ptownsend@example.net,2025-08-01,Spain
721,Carol Lane,brian41@example.org,2024-12-02,Belgium
722,John Alvarez,noahthornton@example.com,2023-10-06,France
723,Seth Smith,ureyes@example.net,2024-03-01,France
724,Anne Schmidt,stephanie69@example.net,2025-12-14,Canada
725,Derek Garcia,rmurray@example.net,2024-03-17,Belgium
726,Leah Lee,erica25@example.net,2024-01-29,Spain
727,Sandra Smith,foxgina@example.com,2023-02-04,UK
728,Darlene Johnson,brownbrooke@example.org,2023-12-25,Germany
729,Michelle Wilson,nicholasgallagher@example.net,2025-08-07,France
730,Cathy Rodriguez,jonowens@example.org,2025-06-16,Belgium
731,Zachary Hammond,jonathan14@example.org,2025-10-07,UK
732,Zachary Scott,gregory17@example.org,2024-09-04,UK
733,Matthew Rodriguez,probinson@example.org,2025-08-24,UK
734,Ashley Jones,kimberly07@example.org,2024-12-04,Netherland
735,Tasha Ortega,edward56@example.net,2025-10-29,Spain
736,Teresa Henry,upowell@example.org,2023-01-24,France
737,James Norris,imartinez@example.com,2025-05-07,Belgium
738,Jennifer Chen,diazmelissa@example.com,2024-06-19,UK
739,Paige Roberts,gregorywilliams@example.com,2023-05-23,Germany
740,Michael Mosley,tom73@example.org,2025-11-10,Germany
741,Nathan Watkins,yprice@example.net,2023-03-15,Switzerland
742,Joseph Flowers,blevy@example.org,2025-10-14,UK
743,Richard Williams,lewisdesiree@example.net,2024-06-29,Germany
744,Sheila Herrera,sandyjohnson@example.org,2024-12-31,France
745,Kaitlin Hardin,sanchezdeborah@example.org,2025-02-16,Spain
746,Summer Hoover,bryantgeorge@example.net,2023-10-13,Spain
747,Ashley Crawford,bryanharris@example.com,2023-04-28,Belgium
748,Bryan Sutton,marcoconnell@example.org,2025-12-07,Germany
749,Gabriela Martinez,katherinejackson@example.com,2023-03-30,Italy
750,David Perkins,craigboone@example.net,2025-05-27,Germany
751,Alexis Tucker,smithsara@example.net,2024-08-25,Canada
752,Diane Steele,nschwartz@example.org,2025-10-27,Switzerland
753,Jerry Allen,cheryljohnson@example.org,2025-10-08,Italy
754,Anita Serrano,michael08@example.org,2025-03-05,Canada
755,Joseph Davis,michelle88@example.org,2023-11-13,Switzerland
756,Mary Hill,danielhernandez@example.com,2025-01-09,UK
757,Michael Williams,justin64@example.com,2025-03-01,UK
758,Olivia Williams,buckleygregory@example.org,2025-09-03,Belgium
759,Andrea Young,uwatkins@example.com,2025-02-10,Switzerland
760,Stephanie Hall,nguyencorey@example.net,2023-11-23,Belgium
761,Jaime Walker,drichards@example.com,2024-10-20,France
762,Leon Thompson,derek35@example.com,2023-09-01,Germany
763,Andrew Carroll,derek77@example.com,2023-11-29,Italy
764,Colleen Phillips,kristinelittle@example.net,2023-10-11,Italy
765,Kristen Hall,fvincent@example.org,2023-10-09,Belgium
766,Joel Smith,pfitzgerald@example.org,2025-07-25,Germany
767,Daniel Pennington,robinvillanueva@example.com,2024-06-10,Spain
768,John Mack,simmonsphillip@example.net,2023-03-28,Italy
769,David Hansen,steelerichard@example.org,2023-06-20,Spain
770,David Duarte,castillokevin@example.net,2023-08-13,Canada
771,Nicole Johnson,iford@example.net,2025-01-01,Germany
772,Seth Sims,daltonchad@example.net,2024-10-09,Spain
773,Elizabeth Mullins,kristinmiller@example.com,2024-06-19,France
774,Susan Cox,rodriguezmichael@example.net,2023-04-14,Switzerland
775,Christopher Hansen,castrokim@example.org,2023-03-23,UK
776,Brian Mendoza,karenhodges@example.com,2024-06-22,UK
777,Kathy Henderson,brownmichael@example.com,2024-07-19,Belgium
778,Barbara Mckinney,shannon51@example.org,2025-03-07,France
779,James White,rodriguezjoshua@example.net,2024-12-30,Italy
780,Shaun Meyer DDS,robert82@example.com,2023-09-05,Belgium
781,Oscar Smith,bryanwiggins@example.org,2024-07-10,Belgium
782,Jennifer Cooper,todd88@example.com,2025-04-05,UK
783,Carlos Clarke,kristinaperez@example.com,2024-12-30,Germany
784,Amber Gomez,nhuber@example.org,2024-04-10,Italy
785,William Franco,evanwilson@example.com,2025-04-29,Belgium
786,David Lopez,wadetiffany@example.org,2025-06-29,Italy
787,William Ferguson,knapprichard@example.com,2024-08-20,Switzerland
788,Tanya Moore,deborah47@example.com,2023-09-01,Germany
789,Rebecca Chandler,hmorgan@example.net,2025-06-28,Canada
790,Brenda Pierce,angel93@example.com,2025-02-01,Italy
791,Anthony Davidson,kimberlywang@example.org,2024-07-27,Spain
792,Samuel Rhodes,daughertypreston@example.com,2023-02-23,Belgium
793,Kayla Brown,raymond65@example.com,2024-05-26,Spain
794,Gregory Parker,fsawyer@example.org,2024-08-20,Germany
795,Jennifer Ramos,lindawaller@example.com,2024-12-09,France
796,Kevin Miller,kevinmcneil@example.net,2024-10-23,Spain
797,Tyler Avila,smithdanielle@example.com,2024-06-23,Belgium
798,Joel Bradley,jamescollier@example.com,2024-10-23,Belgium
799,Rodney Turner MD,dhansen@example.org,2025-05-28,UK
800,Brittany Evans,qmartinez@example.com,2023-03-01,Germany
801,Terry Newman,wilsonjoshua@example.org,2024-10-28,UK
802,Lauren Cunningham,courtney71@example.com,2025-08-06,Belgium
803,Alicia Green,thomassteven@example.net,2025-03-25,Switzerland
804,Anthony Ward,brandon48@example.net,2023-08-17,Belgium
805,Pamela White,georgegary@example.com,2023-05-18,Canada
806,Melinda Turner,cody95@example.org,2024-05-24,Canada
807,Douglas Maxwell,kpeterson@example.org,2023-02-08,UK
808,Daniel Lopez,butlersabrina@example.org,2023-12-23,UK
809,Karen Collins,don79@example.net,2023-08-10,Germany
810,Eric Garner,walkermelissa@example.org,2024-07-03,France
811,Calvin Anderson,colemankathryn@example.org,2025-12-22,Switzerland
812,John Reynolds,danielmcguire@example.net,2023-05-19,Netherland
813,Bryan King,turneralex@example.org,2025-07-28,Belgium
814,Christine Santana,ellenjohnson@example.org,2023-07-30,France
815,Hannah Martin,williamjones@example.net,2024-03-24,Germany
816,Michelle Brandt,rachelmedina@example.net,2023-02-09,Italy
817,Tami York,lrichardson@example.org,2023-06-21,France
818,Ashley Davenport,gcoleman@example.org,2024-12-01,Belgium
819,William Martinez,stonetyler@example.com,2024-10-13,France
820,Nathan Miller,swilson@example.com,2026-01-17,Spain
821,Melissa Randall,angelaroberts@example.com,2025-08-08,UK
822,Stephanie Lang,harry71@example.com,2023-11-08,Canada
823,Megan Wilson,lmorales@example.org,2024-11-29,UK
824,William Morgan,bmartinez@example.net,2023-10-08,Belgium
825,Micheal Perkins,katelyn65@example.com,2025-03-04,Spain
826,Jennifer Washington,dylan71@example.org,2025-11-19,Switzerland
827,David Dunlap Jr.,greertyrone@example.org,2024-02-12,UK
828,Michael Hernandez,wolfdonna@example.net,2023-10-24,Germany
829,Christina Bates,iwagner@example.com,2025-02-21,UK
830,Tiffany Johnson,hbeard@example.com,2025-05-07,Netherland
831,James Stevens,thompsondonna@example.com,2024-12-18,Switzerland
832,Chad Baldwin MD,carrolltracy@example.net,2023-09-30,Netherland
833,Julie Hart,williammyers@example.com,2025-12-18,Netherland
834,Lisa Gomez,luke09@example.org,2025-07-25,Germany
835,Hannah Harmon,hubbardcolleen@example.com,2023-08-06,Spain
836,William Jenkins,stanleyjohn@example.net,2023-06-19,Netherland
837,Susan Jones,danny20@example.net,2024-05-17,Switzerland
838,Matthew Henderson,sadams@example.com,2024-06-08,UK
839,Eugene Hudson,ashley71@example.net,2025-07-20,Belgium
840,Jonathan Cain,garrett45@example.com,2025-12-02,Switzerland
841,Ryan Cobb PhD,karlwilliams@example.net,2023-11-28,Canada
842,Lori Rubio,vargasjoshua@example.net,2024-10-04,France
843,Daniel Flynn,william46@example.net,2025-04-22,UK
844,Jason King,jpowers@example.org,2025-05-06,Germany
845,Kelli Lopez,vlewis@example.com,2023-02-16,Netherland
846,Kim Mendez,umichael@example.net,2024-03-10,Belgium
847,Helen Hernandez,juliecannon@example.com,2023-04-22,Netherland
848,Ronald Brown,meghanadams@example.com,2024-10-17,Germany
849,Michael Young,daniellee@example.org,2025-10-18,Switzerland
850,Justin Graham,harrisjoseph@example.org,2024-05-15,Canada
851,Diana Pierce,stuarttodd@example.org,2024-02-24,France
852,Angela Guzman,lesterrichard@example.com,2023-04-14,Canada
853,Ann Hahn,joelduncan@example.net,2025-11-27,UK
854,Sandra Herring,tyler13@example.net,2023-07-25,Switzerland
855,Emily Collier,vshaffer@example.org,2023-07-27,France
856,Brian Lewis,scott49@example.org,2024-11-05,Italy
857,Melissa Rodriguez,pwells@example.com,2025-02-18,Canada
858,Mike Underwood,brewerrebecca@example.org,2023-09-01,Netherland
859,Amy Lowery,johnnycruz@example.net,2025-11-12,UK
860,Robert Martinez,miaprice@example.com,2026-01-11,UK
861,Timothy Sherman,jason27@example.net,2024-02-19,France
862,Pamela Sullivan,hillchristopher@example.com,2024-05-25,Italy
863,Tammy Cook,gmcdowell@example.org,2025-01-19,Belgium
864,Austin Fisher,shawn00@example.net,2026-01-08,Canada
865,Jeremy Davidson,moralescourtney@example.com,2025-10-11,Spain
866,Christopher Black,melaniejennings@example.com,2025-07-01,Belgium
867,Nicholas Green,lauren31@example.com,2024-12-20,UK
868,Shawn Duffy,andrewjohnson@example.net,2024-08-12,UK
869,Crystal Davis,sgonzalez@example.org,2025-10-20,Germany
870,Jeffrey Green,rubiogeorge@example.net,2023-04-06,France
871,Joseph Ayala,fwilcox@example.org,2023-07-20,Italy
872,Cheryl Atkins,keith76@example.org,2024-01-02,Spain
873,Lindsay Carney,jessica36@example.org,2024-11-19,Belgium
874,Alyssa Cherry,christinesolomon@example.com,2024-10-14,Canada
875,Judith Smith,monicamccann@example.com,2025-07-12,France
876,James Henderson,charles80@example.org,2025-12-20,Canada
877,Kaitlin Gomez,smithwilliam@example.com,2024-06-19,Switzerland
878,Megan Anderson,carpenterjorge@example.net,2024-05-02,Germany
879,Sherry Anderson,jennifer62@example.com,2025-02-22,Italy
880,William Porter,julie64@example.com,2023-07-19,Germany
881,Tammy Black,ustafford@example.net,2025-08-28,UK
882,Brittany Farrell,jbrown@example.org,2025-02-20,Germany
883,John Martin,fgraham@example.org,2024-01-11,Spain
884,Michael Washington,urodriguez@example.org,2024-12-04,UK
885,Dalton Mitchell,karencarson@example.net,2023-07-30,Belgium
886,Lauren Bonilla,robertjones@example.com,2025-11-14,Canada
887,Gary Mitchell,longbrittany@example.org,2025-12-05,Belgium
888,Brad Rivas,rgibson@example.net,2024-06-04,Switzerland
889,Wayne Douglas,unguyen@example.net,2025-11-06,UK
890,Scott Solis,marcus01@example.net,2025-06-21,UK
891,James Thompson,ndavis@example.org,2025-08-11,Italy
892,Dominique Goodwin,davidhenry@example.com,2024-09-13,UK
893,Lindsey Howard,collierwilliam@example.com,2024-05-14,Canada
894,Karen Hart,bdavis@example.com,2024-12-10,Spain
895,Mark Davis,teresa32@example.com,2025-08-29,Switzerland
896,Kelly Roberts,zmiller@example.com,2025-04-17,Italy
897,Carl Leach,alexandraphillips@example.org,2024-04-29,Canada
898,Andrew Rodriguez,dgutierrez@example.net,2025-05-23,Spain
899,Heather Richards,wilsondorothy@example.org,2025-06-20,Germany
900,Amber Butler,lee77@example.net,2023-10-29,Belgium
901,Thomas Patrick,jacobburgess@example.net,2024-03-05,Switzerland
902,Ashley Ferguson,fosteralexander@example.net,2024-02-25,Netherland
903,Jared Sandoval,nturner@example.com,2025-01-29,Canada
904,Melissa Foster,christopher20@example.org,2025-12-26,Belgium
905,Melissa Lopez,clarkdeborah@example.net,2023-07-11,France
906,Mark Tyler,christophercarrillo@example.org,2024-01-29,Belgium
907,Bruce Barrera,emaynard@example.org,2025-01-24,Belgium
908,Christina Hudson,awilliams@example.org,2024-12-17,UK
909,Jessica Perry,mmclaughlin@example.net,2025-09-24,Spain
910,Mrs. Jennifer Palmer DDS,dhall@example.net,2025-05-29,UK
911,Ethan Brown,hsmall@example.com,2023-02-17,Canada
912,Hannah Terry,martinjessica@example.com,2025-09-12,UK
913,Jordan Matthews,sandra72@example.com,2024-07-06,Netherland
914,Sandra Nunez,laura29@example.org,2024-09-16,Netherland
915,Angelica Webb,jamesobrien@example.org,2024-04-01,Canada
916,Katherine Young,kiddmichael@example.com,2024-10-26,Canada
917,Carrie Villarreal,romanmatthew@example.org,2024-07-26,Switzerland
918,Justin Tucker,kristen08@example.com,2025-09-04,UK
919,Shelly Munoz,mccarthysara@example.com,2023-09-10,Netherland
920,Nicole Villegas,colonbobby@example.org,2024-12-29,Italy
921,Shelby Bartlett,jessicaerickson@example.net,2023-10-05,Italy
922,Annette Holland,lori13@example.com,2025-03-03,Switzerland
923,Adriana Davenport,gpeterson@example.org,2024-10-25,Italy
924,Mike Perry,edwardmolina@example.com,2023-05-31,Switzerland
925,Jeffrey Hardin,hcrane@example.net,2024-01-08,France
926,Jessica Carrillo,millerleroy@example.org,2024-08-02,Netherland
927,Peter Keller,rachelbrown@example.net,2024-11-23,UK
928,Valerie Barnes,jennifer55@example.org,2025-11-09,Switzerland
929,Lisa Thomas,ngriffin@example.net,2024-03-28,Switzerland
930,Marissa Terry,trowe@example.org,2025-09-14,Spain
931,Jean Higgins,abigailfernandez@example.org,2023-03-17,UK
932,Emily Peterson,andrewzamora@example.net,2023-06-12,France
933,Ronnie Torres,hbenitez@example.net,2025-07-27,Spain
934,Debbie Romero,williamsdebra@example.org,2023-04-22,Canada
935,Norman Chavez,lindazhang@example.net,2024-12-16,Netherland
936,Sarah Hall,justin92@example.net,2025-09-20,Germany
937,Danielle Murphy,mackenzieward@example.org,2024-08-27,UK
938,Sandra Miller,colemandavid@example.org,2023-09-03,Germany
939,Michael Powell,lwiggins@example.com,2024-12-12,Canada
940,Jeremiah Galvan,adennis@example.org,2025-10-03,UK
941,Kari Ellis,bensonstanley@example.org,2023-08-31,France
942,Jaclyn Crane,xrodriguez@example.net,2023-09-19,Spain
943,Christian Watson,kevin70@example.org,2024-04-12,Switzerland
944,Jennifer Zuniga,pamela32@example.net,2023-08-27,Spain
945,Joshua Jones,butlerashley@example.net,2025-02-16,Germany
946,Rachael Alvarez,kathleenwagner@example.com,2024-12-21,UK
947,Brittany Luna,marshelizabeth@example.com,2024-12-17,Belgium
948,James Weaver,pfitzgerald@example.org,2024-09-11,Netherland
949,Laura Hogan,ann18@example.org,2023-10-03,Switzerland
950,Kimberly Todd,karenshaw@example.org,2023-11-13,Germany
951,Kim Rivers,kristin39@example.com,2023-07-24,Netherland
952,Lisa Morales,henrysarah@example.com,2023-05-30,Canada
953,Alexander Rice,hscott@example.org,2024-11-27,Switzerland
954,Charles Scott,moorestephanie@example.net,2025-05-09,Netherland
955,Tyrone White,evanscorey@example.org,2023-10-08,UK
956,Deanna David,williamsjohn@example.net,2024-10-21,Canada
957,Jordan Gordon,adamslucas@example.net,2025-07-17,France
958,Allen Schultz,adamstabitha@example.net,2024-10-12,Germany
959,Justin Glover,ashley71@example.net,2023-06-25,Italy
960,Walter Brooks,kimberlymedina@example.com,2025-03-06,Belgium
961,Aaron Marshall,denise20@example.org,2025-05-30,Italy
962,David Frazier,megan39@example.net,2025-02-06,Germany
963,Patrick Hart,christopher12@example.net,2024-03-31,Switzerland
964,Dr. Christine Wagner PhD,cynthia74@example.org,2025-06-01,Germany
965,Mrs. Julia Greene,sloandennis@example.org,2025-11-12,Germany
966,Steven Chambers,speters@example.net,2025-08-21,UK
967,Kimberly Cobb,ryanpatricia@example.net,2025-02-16,Spain
968,Heather Hess,paul01@example.com,2024-12-10,Belgium
969,Jill Walker,changerin@example.net,2024-08-16,France
970,Robert Garrett,jimsnyder@example.com,2024-07-27,France
971,Tanner Mann,adrianjoyce@example.net,2023-03-17,Netherland
972,Donald Mason,andreakeller@example.net,2024-09-25,France
973,Krystal Jones,julieanderson@example.net,2025-11-28,Belgium
974,Monica Hill,braunheather@example.net,2024-01-08,Netherland
975,Justin Gibson,pdavidson@example.org,2025-08-30,Netherland
976,Zachary Hill,hsimpson@example.org,2024-06-03,Switzerland
977,Thomas Patel,adam35@example.org,2024-01-02,Spain
978,Wanda Perez,prosario@example.org,2025-06-25,Italy
979,Arthur Garrett,castillolindsey@example.net,2023-10-01,Canada
980,Sara Wright,vallen@example.org,2025-09-17,Switzerland
981,Cynthia Jones,oduran@example.com,2024-06-20,Spain
982,William Rangel,sedwards@example.org,2025-07-06,Spain
983,Robert Brown,rjones@example.org,2023-08-05,Spain
984,Samuel Morales,mhall@example.net,2025-06-05,Germany
985,James Pope,morgansharon@example.org,2025-09-14,Switzerland
986,Leah Rodriguez,larsoncarlos@example.org,2024-12-24,Italy
987,Jordan Kelly,chardy@example.org,2025-06-27,UK
988,Andrew Anderson,ppalmer@example.com,2024-01-31,Spain
989,Kimberly Thomas,vparker@example.com,2024-05-16,Italy
990,Kelly Sandoval,brianhunter@example.net,2024-08-13,UK
991,Craig Gonzalez,kristenpeterson@example.net,2023-04-13,Belgium
992,Vicki Greene,melissa95@example.net,2025-01-27,UK
993,Christopher Gibson,crawfordsamantha@example.net,2024-04-28,Belgium
994,Julie Lewis,vnavarro@example.net,2023-12-31,France
995,Clinton Fritz,alejandro50@example.net,2024-08-24,UK
996,Jeremiah Welch,bradley03@example.org,2023-07-16,Belgium
997,Stephen Higgins,melanie32@example.org,2024-04-04,Canada
998,Dennis Garcia,nicholascobb@example.org,2023-02-21,Spain
999,Elizabeth Allen,donna89@example.com,2024-06-27,Germany
1000,Stephen Anderson,jamesgray@example.com,2023-04-30,UK
1001,Vanessa Sanchez,hinesbrenda@example.net,2024-05-26,Netherland
1002,Erin Brown,monique89@example.com,2024-04-19,Belgium
1003,Rachel Gibbs,jacksonpaul@example.net,2023-12-10,Switzerland
1004,Joseph White,alicia77@example.com,2025-03-19,Belgium
1005,Margaret Gibbs,clarkpatricia@example.com,2024-03-10,UK
1006,Eric Oneal,selenabrooks@example.net,2024-01-18,Belgium
1007,Bradley Wallace,jerry07@example.net,2023-05-30,Italy
1008,Jerry Reynolds,linda54@example.com,2025-09-09,Switzerland
1009,David Brewer,rachel48@example.net,2023-02-26,UK
1010,Rachel House,wilsonmichael@example.net,2025-05-17,Germany
1011,Michael Wright,james92@example.net,2023-11-26,Italy
1012,Alexa Evans,krista66@example.net,2025-05-11,Switzerland
1013,Matthew Hays,michelleperez@example.net,2025-11-01,Netherland
1014,Jose Hartman,dsharp@example.com,2023-12-11,Belgium
1015,Cole Carrillo,cclark@example.net,2023-06-01,Belgium
1016,Kenneth Anderson,porterdonna@example.com,2023-03-06,France
1017,Jeffery Goodwin,mark09@example.org,2024-06-29,Switzerland
1018,Troy Rivera,nbaird@example.com,2023-08-23,Belgium
1019,Chelsea Rodriguez,tfowler@example.org,2023-04-27,France
1020,Juan Johnson,mjohnson@example.org,2023-10-12,France
1021,David Keller,gibsonmiguel@example.org,2024-09-09,UK
1022,Theodore Myers,andersonrobert@example.net,2023-10-12,Belgium
1023,Steven Clark,kylemeyers@example.net,2023-05-05,Italy
1024,Kenneth Collins,waynecohen@example.com,2025-01-25,Netherland
1025,Charles Brown,pjacobs@example.net,2023-11-28,Italy
1026,Sherry Stevens,mclaughlinkeith@example.com,2024-06-12,Italy
1027,Michelle Evans,robertwhite@example.net,2024-07-10,Belgium
1028,Thomas White,longsonya@example.org,2024-11-20,Spain
1029,Mark Carter,wolfejennifer@example.org,2023-09-21,Germany
1030,Philip Martinez,charles18@example.com,2025-02-23,France
1031,David Hunter,ojohnson@example.net,2024-10-17,Belgium
1032,Jane Reese,randysmith@example.org,2025-12-03,UK
1033,Paul Washington,millerdiane@example.net,2023-08-19,France
1034,Robert Skinner,marylawson@example.org,2024-11-28,Netherland
1035,Patrick Jackson,byrderic@example.com,2024-04-19,Spain
1036,Andrew Leonard,scottwilliams@example.net,2023-10-22,Germany
1037,Michelle Prince,cvaughn@example.org,2025-04-10,Belgium
1038,Raymond Wang,nicholasallen@example.org,2025-08-05,Netherland
1039,William Rogers,erinbrown@example.org,2023-02-12,Switzerland
1040,Christopher Perry,ochoamarcus@example.net,2025-11-15,Spain
1041,Taylor Foster,nmartinez@example.org,2023-11-09,Italy
1042,Adrian Valdez,pricestephen@example.org,2024-07-25,Spain
1043,Marie Wood,mcclurerobert@example.net,2025-11-06,Canada
1044,Mrs. Kimberly Mooney,johnathandavis@example.com,2025-03-05,Netherland
1045,Megan Compton,martinreid@example.net,2025-09-25,Canada
1046,Mary Jones,franklinbrenda@example.com,2024-05-26,Canada
1047,Crystal Matthews,hallchristina@example.org,2025-03-22,Belgium
1048,Jeffrey Sanchez,brownnicholas@example.com,2024-05-12,Spain
1049,Dan Johnson,vstevenson@example.org,2023-11-28,Belgium
1050,Richard Williams,swong@example.org,2024-03-26,UK
1051,Erin Allen,knoxelizabeth@example.org,2024-01-09,Belgium
1052,Courtney Salas,isaiah01@example.com,2025-12-21,Netherland
1053,Amy Braun,davidthompson@example.net,2023-05-07,Germany
1054,Blake Hardy,frank33@example.com,2023-12-02,UK
1055,Elizabeth Ray,josephharrington@example.org,2023-10-20,Germany
1056,Christopher Alexander,ywolf@example.com,2024-07-30,Spain
1057,Jessica Miller,brooke28@example.net,2023-02-18,Italy
1058,John Chavez,ehart@example.org,2023-10-18,Switzerland
1059,John Moore,adamhensley@example.net,2024-06-19,Canada
1060,Timothy Bentley DVM,patrick49@example.org,2024-08-22,Netherland
1061,Wendy Martinez,jamesgraham@example.com,2024-10-15,Germany
1062,Katherine Barker,curtissara@example.net,2024-07-13,Switzerland
1063,Andrew Li,terrydeanna@example.com,2024-02-06,France
1064,Michael King,alexanderwise@example.net,2025-08-16,Belgium
1065,Kevin Santana,nancymartin@example.com,2024-09-07,Canada
1066,Kathryn Ferguson,uwillis@example.com,2024-02-15,Germany
1067,Kenneth Salinas,josephclark@example.net,2023-06-06,UK
1068,Abigail Jackson,esmith@example.net,2024-09-28,Netherland
1069,Mary Quinn,gregorylopez@example.org,2024-10-29,Belgium
1070,Mr. Brian Bradley,jacobbrown@example.org,2023-11-22,Switzerland
1071,Steven Ortiz,oneillgabriel@example.com,2023-11-13,Netherland
1072,Donald Peterson,timothychambers@example.org,2023-06-01,Germany
1073,Paul Smith,davisalexa@example.org,2023-02-02,Italy
1074,Victoria Juarez,vkennedy@example.net,2024-08-24,UK
1075,Michael Cooper,lisa56@example.com,2024-11-16,France
1076,Henry Rivera,smithmonica@example.com,2025-08-24,Canada
1077,Bryce Schmidt,miguelmontgomery@example.net,2023-08-22,Netherland
1078,Mary Smith,allen50@example.net,2025-01-26,Italy
1079,Cynthia Washington,baileysheila@example.com,2024-06-07,Germany
1080,Susan Navarro,catherine28@example.net,2025-11-06,UK
1081,Jonathan Miller,cjackson@example.org,2025-03-12,Belgium
1082,Cynthia Lewis,garciavictoria@example.org,2025-02-06,Switzerland
1083,Erin Reyes,jeffrey47@example.net,2023-09-24,Germany
1084,Tammy Schultz,sdavis@example.com,2023-07-29,Spain
1085,Pamela Burke,nicholas68@example.com,2024-01-01,France
1086,Brian Miller,petersonbrittany@example.org,2024-01-16,France
1087,Bethany Edwards,aray@example.com,2023-07-18,Belgium
1088,Cheryl Price,xflores@example.net,2023-04-25,UK
1089,Lindsay Walker,dsmith@example.com,2023-08-03,Germany
1090,Elizabeth Robinson,shernandez@example.org,2023-08-31,Germany
1091,Samantha Johnson,kyle14@example.net,2025-11-17,Italy
1092,Ronald Simpson,zbrown@example.com,2025-06-28,Canada
1093,Christine Oconnor,isabellawilliams@example.org,2023-09-13,Spain
1094,Elizabeth Briggs,vickiekelley@example.com,2025-02-14,Switzerland
1095,Wanda Todd,ujones@example.com,2024-11-05,UK
1096,Chloe Chase,udavis@example.net,2024-04-01,Netherland
1097,Michelle Ellis,barbararamos@example.com,2023-04-13,Canada
1098,Christine Brock,jillsmith@example.net,2024-04-15,Switzerland
1099,Richard Garrison,bclements@example.net,2025-07-01,Spain
1100,Anne Mccann,sierrawilson@example.net,2023-10-07,Switzerland
1101,Jeffrey Hernandez,hsanchez@example.org,2025-10-24,Germany
1102,Michael Blevins DDS,yparsons@example.net,2024-09-26,UK
1103,John Meyers,phill@example.com,2025-11-06,Switzerland
1104,Bruce Martinez,andrewberry@example.net,2024-08-11,Belgium
1105,Patrick Bauer,patrickcooke@example.net,2025-02-01,France
1106,Calvin Nguyen,richardhaynes@example.com,2024-11-22,Netherland
1107,Rachel Moreno,stonebrenda@example.net,2025-05-31,Italy
1108,Paul Sheppard,whitecarol@example.org,2025-10-27,UK
1109,Rebecca Martinez,baileydelgado@example.org,2023-01-27,UK
1110,Paul Miller,huntermichael@example.net,2025-06-10,Italy
1111,Tony Smith,brandon84@example.net,2023-10-12,Netherland
1112,Kenneth Neal,catherine83@example.net,2025-04-27,Germany
1113,Amanda Johnson,kevinwall@example.org,2023-06-21,Netherland
1114,Leslie Ramirez,qjones@example.com,2025-08-11,Canada
1115,Carla Bryant,erica28@example.org,2024-09-03,Netherland
1116,Debra Schultz,jenniferelliott@example.net,2023-05-08,France
1117,Jennifer Hernandez,mgray@example.org,2025-03-23,Switzerland
1118,Joseph Sutton,ojones@example.org,2023-05-19,Belgium
1119,Paula Thomas,joshuagarcia@example.org,2024-08-04,Italy
1120,Rachel Martinez,brianna71@example.net,2024-08-29,Germany
1121,Sharon Arnold,mosleygeorge@example.com,2024-07-13,UK
1122,Patrick Faulkner,iwoods@example.com,2023-10-26,Germany
1123,Michelle Sandoval,nicholasmoss@example.org,2023-02-02,Italy
1124,Michelle Wright,lmann@example.com,2025-10-07,France
1125,Kathryn Hill,tmeyer@example.org,2024-07-21,France
1126,Angie Torres,megan11@example.net,2024-05-07,Netherland
1127,Carmen Brown,angela70@example.com,2024-01-26,Italy
1128,Monica Castillo,sullivanchristina@example.net,2025-12-05,Spain
1129,Michele Brady,virginiaguerrero@example.net,2023-01-30,Italy
1130,Lisa Oconnell,gregoryrichardson@example.org,2025-12-16,Germany
1131,Anthony Simpson,nathanielwilson@example.net,2025-03-26,Canada
1132,Sarah Hodge,kevin44@example.org,2024-02-10,Italy
1133,Laura Robinson,sarah80@example.com,2023-01-22,Italy
1134,Amy Smith,wmurphy@example.org,2025-09-04,Italy
1135,Nathan Morales,garciatravis@example.org,2023-01-27,Netherland
1136,Brittany Martinez,xsmith@example.net,2025-04-19,Spain
1137,James Evans,imcclain@example.com,2024-02-11,France
1138,Mary Gonzales MD,tsmith@example.org,2023-07-06,Belgium
1139,Andrew Foster,rachel23@example.com,2023-07-09,Spain
1140,Mrs. Katherine Simpson,markduran@example.com,2025-11-17,Spain
1141,Natalie Petersen,danielrodriguez@example.org,2025-03-08,Canada
1142,Jonathan Saunders,brettgallegos@example.com,2023-08-02,Belgium
1143,Jessica Roberts,bmiller@example.org,2025-08-03,Spain
1144,Jorge Wright,linvirginia@example.org,2025-09-04,Germany
1145,Christina Mccarthy,hayneswayne@example.org,2025-11-19,France
1146,Leslie Walters MD,richardhill@example.org,2023-11-08,Spain
1147,Luis Davis,jamesalicia@example.net,2023-09-03,France
1148,Courtney Simmons,hicksdawn@example.com,2025-09-28,Netherland
1149,Douglas Bell,dwright@example.org,2023-07-08,Italy
1150,Matthew Morris,thomas91@example.com,2023-03-23,Netherland
1151,John Cook,davisalexander@example.net,2023-11-02,France
1152,Patrick Ward,john43@example.net,2023-08-09,Spain
1153,Brian Soto,williamstanya@example.net,2024-09-06,Belgium
1154,Jeremy Garcia,kevin73@example.net,2023-11-10,France
1155,Corey Pierce,patricia85@example.com,2023-09-14,Spain
1156,Autumn Graham,gbarnes@example.org,2024-12-15,Switzerland
1157,Melissa Anderson,sosabruce@example.net,2023-10-05,Canada
1158,Jennifer Cohen,martinkaren@example.com,2023-11-10,Germany
1159,Jennifer Nelson,adamarmstrong@example.net,2025-06-10,Germany
1160,Timothy Hunt,kevin34@example.net,2026-01-05,UK
1161,Carolyn Williams,kellybowman@example.com,2024-03-11,UK
1162,Richard Day,veronicaclark@example.org,2023-08-13,Netherland
1163,Mackenzie Compton,christopher84@example.net,2023-01-21,Canada
1164,Logan Nguyen,garrettalex@example.com,2023-08-14,Germany
1165,Diana Scott,medinatiffany@example.net,2023-12-25,UK
1166,Melissa Bautista,molly98@example.org,2023-07-03,Canada
1167,Derrick Perkins,omoore@example.net,2024-12-05,Italy
1168,Steven Davis,stephenochoa@example.org,2024-11-23,France
1169,Terri White,andrew22@example.com,2023-11-08,Canada
1170,Andrea Jones,spencerbrewer@example.com,2025-12-21,Belgium
1171,Breanna Christensen,morrisonnicholas@example.org,2023-06-23,UK
1172,Pamela Newman,andersonkayla@example.com,2023-07-08,France
1173,Linda Sparks,rosariodaniel@example.net,2023-08-28,France
1174,Angela Taylor,tochoa@example.com,2024-06-27,UK
1175,Anthony Holt,smithbradley@example.net,2025-01-31,Switzerland
1176,Stephen Perry,barrandrew@example.com,2024-04-23,Switzerland
1177,Matthew Perez,tmcdaniel@example.org,2024-09-08,Germany
1178,Brian Garcia,michael95@example.org,2025-02-21,UK
1179,Tamara Huang,gregorymoreno@example.net,2024-08-01,UK
1180,Brittany Contreras,colleen45@example.org,2023-10-27,Germany
1181,Mary Cantu,mccormickmichelle@example.org,2024-03-15,Germany
1182,Charles Griffin,hbriggs@example.net,2025-11-02,Netherland
1183,Diana Davis,huntercruz@example.com,2024-11-13,Spain
1184,Michael Gutierrez,devon36@example.com,2025-02-24,Germany
1185,Joseph Patel PhD,tmiller@example.com,2025-05-21,Spain
1186,Melissa Goodman,youngaaron@example.org,2025-04-16,Belgium
1187,Tina Mccall,pruittmichael@example.org,2024-08-03,Canada
1188,Russell Arnold,osanchez@example.org,2024-04-20,Netherland
1189,Michael Thomas,hortonroger@example.org,2023-08-21,Switzerland
1190,Kevin Woods,anthonydiaz@example.org,2026-01-12,Canada
1191,Keith Cervantes,kathyharrison@example.org,2024-02-03,Belgium
1192,Elizabeth Jenkins,scott04@example.org,2025-04-17,UK
1193,Marvin Munoz,wesleysmith@example.com,2023-09-18,Canada
1194,Jordan Dawson,samantha84@example.net,2025-12-10,Switzerland
1195,Christopher Dudley,ispence@example.net,2024-01-07,Germany
1196,Anthony Long,velasqueztaylor@example.com,2023-12-14,Germany
1197,Samantha Martin,deborah34@example.org,2025-10-28,Canada
1198,Larry Bradford,allenfrancisco@example.org,2023-06-30,Italy
1199,Adam Browning,andrealittle@example.org,2023-04-30,Switzerland
1200,William Cunningham,uwilliams@example.org,2024-01-27,UK
1201,Howard Campbell,uporter@example.com,2024-05-12,Italy
1202,Michele Davis,gmosley@example.org,2024-07-24,Switzerland
1203,Brittany Matthews,cwoods@example.com,2025-03-09,Netherland
1204,Joel Mcclure,cisnerosjesse@example.org,2023-09-26,UK
1205,Patricia Martin,seth25@example.com,2025-12-12,Switzerland
1206,Teresa Williams,nallen@example.net,2024-07-31,Switzerland
1207,Latasha Gamble,ballarddouglas@example.com,2023-05-15,Germany
1208,Rebecca Jacobson,udavis@example.org,2025-05-17,Netherland
1209,Douglas Cox,jonesjennifer@example.com,2024-04-22,Switzerland
1210,Dr. Pamela Ramos,shelbybonilla@example.com,2024-02-23,Netherland
1211,Dustin Ortiz,scotthunt@example.net,2023-03-21,Belgium
1212,Michael Hunter,natalie09@example.net,2024-05-20,Netherland
1213,Danielle Nicholson,mooredaniel@example.com,2023-04-17,Spain
1214,Sarah Walker,wcaldwell@example.com,2023-09-21,UK
1215,Stephanie Marshall,whitedaniel@example.com,2025-01-15,Germany
1216,Gary Stewart,vlewis@example.com,2024-11-21,Germany
1217,Andrew Moore,nthomas@example.com,2023-07-15,Germany
1218,Kyle James,kristine73@example.org,2025-06-19,Germany
1219,Tiffany Sutton,johnny21@example.org,2023-12-13,Switzerland
1220,Brad Russo,hsavage@example.org,2023-05-06,Germany
1221,Cathy Brown,wpeterson@example.com,2025-11-24,Netherland
1222,Tom Olson,tammykim@example.net,2023-10-01,Spain
1223,Adam Logan,christiancontreras@example.net,2025-06-22,Canada
1224,William Mcmillan,alexis72@example.com,2023-08-31,France
1225,Wayne Russell,mcneilsherry@example.org,2024-05-24,Canada
1226,Wayne Davis,julielopez@example.net,2025-09-30,Canada
1227,Lindsay Robinson,stephaniebonilla@example.net,2025-05-16,Netherland
1228,Jack Turner,wayne17@example.net,2023-02-10,Germany
1229,Guy Clayton,wmills@example.com,2024-12-27,Switzerland
1230,Judy Brooks,amyjames@example.net,2023-07-14,Netherland
1231,Madison Park,cowanlinda@example.org,2025-12-23,Switzerland
1232,Lisa Jenkins,nbrady@example.net,2023-06-07,France
1233,Kathy Shaffer,melissa33@example.com,2023-06-22,Belgium
1234,Craig Harrison,belllaura@example.com,2025-05-24,Belgium
1235,Maria Mueller,xsmith@example.org,2024-10-21,Netherland
1236,Shawn Baker,anunez@example.com,2025-03-17,Germany
1237,Christian Brooks,matthew96@example.org,2023-03-10,Canada
1238,Cheryl Newman,solisbecky@example.org,2025-05-31,Italy
1239,Nicholas Powell,zachary63@example.org,2025-10-03,Spain
1240,Lynn Mueller,mary25@example.org,2023-08-03,UK
1241,Jeffrey Fuller,anthonyzimmerman@example.org,2023-06-12,Italy
1242,Patrick Anderson,xwalters@example.com,2025-06-25,Germany
1243,Steven Phillips,jessicaroman@example.com,2023-11-04,Netherland
1244,Denise Donovan,littlebeth@example.org,2024-02-27,Canada
1245,Kyle Rodriguez,jose21@example.org,2023-07-10,Netherland
1246,Susan Clark,henryandrew@example.org,2025-02-24,Germany
1247,Angela Mcdaniel,opreston@example.com,2025-02-12,Belgium
1248,Adam White,wilsonmatthew@example.com,2023-09-26,Italy
1249,Lindsay Smith DDS,sara39@example.org,2025-02-08,Switzerland
1250,Jorge Hernandez,danny30@example.com,2025-04-30,Canada
1251,Nicholas Case,joshua31@example.com,2023-08-22,Canada
1252,Julie Lamb,zhunt@example.org,2025-05-24,France
1253,Michael Clay,suzanne19@example.net,2024-02-11,Belgium
1254,Daniel Bowen,bandrade@example.net,2024-05-17,France
1255,Lisa Lawson,wgonzalez@example.com,2024-03-16,Spain
1256,Joanna Preston,brenda49@example.net,2025-09-27,Belgium
1257,Allen White,ruben25@example.org,2025-04-22,Belgium
1258,Jacob Thomas,david50@example.net,2023-05-11,Netherland
1259,Keith Morris,annacruz@example.net,2024-06-12,Netherland
1260,Ashley Ramirez,berrydebbie@example.net,2023-12-14,France
1261,Francisco Gonzalez,rjimenez@example.com,2024-11-25,Spain
1262,Christopher Murphy,byoung@example.com,2023-07-23,Spain
1263,Savannah Travis,zmitchell@example.org,2023-02-15,Switzerland
1264,Amanda Newman,harrisonmaria@example.com,2025-04-26,Germany
1265,Paul Ross,troy06@example.com,2024-04-30,Spain
1266,Mrs. Margaret Lozano,sharon10@example.org,2026-01-04,France
1267,Brenda Holder,fperez@example.org,2023-04-03,Germany
1268,Kimberly Smith,greenkristen@example.org,2024-08-14,Canada
1269,Angela Murphy,knelson@example.org,2023-04-03,Italy
1270,Cameron Atkins,qwalsh@example.org,2025-07-13,Switzerland
1271,Laura Stanley,marc73@example.org,2025-04-08,Switzerland
1272,Michelle Gomez,donnamoss@example.org,2024-03-03,UK
1273,Wesley Brown,santiagotaylor@example.com,2026-01-02,Netherland
1274,Gilbert Cervantes DDS,kathleen47@example.net,2023-11-06,Spain
1275,Ashley Anderson,paul79@example.net,2023-09-15,Netherland
1276,Chelsea Ramirez,ginalynn@example.net,2023-11-30,Belgium
1277,Joel Rodriguez,allenpatricia@example.org,2025-10-22,Netherland
1278,Matthew Chavez,david81@example.com,2024-03-08,Germany
1279,James Jordan,brian45@example.org,2024-11-19,France
1280,Monique Henderson,jaime29@example.com,2023-04-05,Spain
1281,Kelly Rodriguez,lucassusan@example.org,2025-04-20,Spain
1282,Andrew Adams,pateljoshua@example.net,2023-07-16,France
1283,Jenna Garcia,tyler23@example.com,2026-01-09,Germany
1284,Kyle Gross,lopezrebecca@example.net,2025-10-04,Belgium
1285,Sarah Watts,lesliejones@example.org,2025-01-28,UK
1286,Brenda Smith,bpatterson@example.org,2024-06-17,Switzerland
1287,Carolyn Wolf,wheelertara@example.net,2024-03-03,UK
1288,David Rodriguez PhD,mary88@example.org,2023-01-20,UK
1289,Ariel Lara,shaun58@example.com,2023-09-03,Switzerland
1290,Mr. Adam Gomez,patricia97@example.org,2025-11-14,Belgium
1291,Monica Smith,qchase@example.org,2024-03-13,Italy
1292,Mr. Patrick Mcpherson MD,leestephanie@example.net,2024-07-26,Canada
1293,Sherry Shelton,harcher@example.org,2023-07-05,Germany
1294,Hannah Rivera,rlandry@example.com,2024-03-06,Netherland
1295,Joseph Cooper,hamiltonspencer@example.com,2023-11-11,Switzerland
1296,Adam Ho,stevenhernandez@example.com,2024-04-11,Germany
1297,Carla Tucker,marshalexis@example.org,2025-09-14,Belgium
1298,Kevin Brown,adam50@example.org,2023-12-22,UK
1299,Shawn Glover,stephaniereeves@example.org,2024-02-13,Canada
1300,Thomas Carter,kennedymichael@example.net,2023-11-20,Belgium
1301,James Strong,samantha94@example.org,2025-10-04,France
1302,Shawn Brock,feliciagonzalez@example.org,2025-06-12,Italy
1303,Elizabeth Miller,ygardner@example.com,2024-10-26,Switzerland
1304,Jeremy Edwards,taylor67@example.com,2023-06-17,France
1305,Thomas Johnson,idavis@example.net,2024-10-17,France
1306,Lauren Watson,brian62@example.com,2024-05-02,Italy
1307,Robert Golden,fcombs@example.org,2025-11-24,Belgium
1308,Marie Cook,shortariana@example.net,2024-03-13,Italy
1309,Barbara Richards,mileszachary@example.net,2024-06-16,Spain
1310,Steven Bowman,kevincollins@example.org,2025-02-26,Belgium
1311,Christina Jones,cassandramartinez@example.org,2025-02-10,Belgium
1312,John Wall,hmyers@example.com,2024-02-07,Netherland
1313,Mr. David Abbott,lorraine79@example.org,2024-10-08,Germany
1314,Alex Thomas,georgeharmon@example.net,2024-11-20,France
1315,Dylan Contreras,rrichardson@example.com,2023-11-26,UK
1316,Ashley Butler,shernandez@example.com,2024-09-09,Switzerland
1317,Alexandra Turner,wwilliams@example.org,2023-07-24,Spain
1318,Judy Smith,michaelfoley@example.net,2025-01-14,Spain
1319,Michael Myers,thompsonedward@example.net,2023-12-12,Switzerland
1320,Mike Buchanan,kristen46@example.org,2025-06-11,Canada
1321,Dr. Larry White,david59@example.net,2025-10-17,Italy
1322,Sandra Jones,christianerik@example.org,2024-07-12,Canada
1323,Timothy Alvarez,tinastokes@example.net,2025-11-17,Canada
1324,Spencer Chandler,acampos@example.org,2024-01-21,Netherland
1325,Ashley Bradford,alexandernicholas@example.net,2023-04-25,Germany
1326,Erica Hale,oanderson@example.net,2023-03-05,Switzerland
1327,David Kim,jeremiah26@example.net,2025-06-01,France
1328,Alexander Moyer,harrislisa@example.org,2023-11-13,Switzerland
1329,Laura Lin,jacob87@example.org,2024-07-30,France
1330,Kara Bell,lauriegonzales@example.net,2023-12-07,UK
1331,Laura Martinez,craig73@example.org,2024-08-25,Germany
1332,Alison Nicholson,sandra46@example.net,2025-08-10,Netherland
1333,Seth Donaldson,fergusonjohn@example.net,2024-07-27,Switzerland
1334,Jennifer Brown,aguilarsharon@example.com,2025-08-25,Switzerland
1335,George Green,pamela02@example.org,2025-10-29,Switzerland
1336,Erin Todd,youngcharles@example.net,2025-05-17,Belgium
1337,Pamela Johnson,dodsoncarly@example.net,2025-08-23,Germany
1338,Karen Anderson,garciatyler@example.org,2023-05-24,Switzerland
1339,John Harrington,andrewbrown@example.org,2025-10-25,France
1340,Jamie Sutton,tranbrett@example.com,2025-04-27,Netherland
1341,Michael Dunn,kimpenny@example.com,2026-01-03,Spain
1342,Jeffrey Brown,christophersmith@example.com,2024-07-18,UK
1343,Wendy Smith,lisajones@example.org,2025-04-30,Netherland
1344,Andrew Bailey,whitneyanderson@example.com,2024-11-30,Germany
1345,Mary Jones,troymoss@example.com,2025-01-31,Switzerland
1346,Eric Richardson,misty38@example.com,2023-12-27,Germany
1347,Kathy Brown,nthornton@example.com,2024-05-28,Italy
1348,Thomas Skinner,kevintran@example.org,2024-03-28,Switzerland
1349,Rachel Johnson,hollysantos@example.com,2024-08-19,Switzerland
1350,Russell Nelson,fevans@example.org,2023-07-15,Canada
1351,Janet Smith,ccruz@example.org,2024-03-27,Germany
1352,Matthew Patel,anthony50@example.net,2023-12-04,Switzerland
1353,Susan Patrick,katherinepeterson@example.net,2024-06-24,Belgium
1354,Rachel Mcfarland,aguirreangela@example.net,2024-11-23,Netherland
1355,William Nichols,karmstrong@example.net,2025-12-07,Italy
1356,James Reese,davidsmith@example.net,2024-02-27,Netherland
1357,David Daniels,ashley09@example.com,2024-03-20,Spain
1358,David Delgado,martinezashley@example.com,2024-08-02,Germany
1359,Jill Smith,owenstammy@example.com,2024-03-04,Canada
1360,Claudia Brown,hillcheryl@example.com,2025-10-05,Germany
1361,David Buchanan,misty23@example.net,2023-04-28,Canada
1362,Luke Williams,penajack@example.net,2023-10-17,Canada
1363,Amanda Love,lynnvictoria@example.com,2024-12-02,Italy
1364,Shannon Gomez,burkemichael@example.org,2023-02-13,Netherland
1365,Jorge Young,ashley61@example.net,2025-03-16,Netherland
1366,Briana Nguyen,matthew65@example.com,2024-11-11,Spain
1367,Caitlin Williams,rhondajohnson@example.net,2024-04-19,Italy
1368,Kayla Norman,shelby69@example.org,2023-12-13,Germany
1369,Jane Cuevas,friedmansusan@example.org,2025-11-04,Spain
1370,Laura Kelley,hryan@example.net,2025-06-15,Belgium
1371,Mary Meyer,joseph94@example.org,2023-04-08,Italy
1372,Randall Cox,hedwards@example.net,2024-06-12,Spain
1373,Tyler Ortiz,bellwilliam@example.com,2024-01-28,Spain
1374,Mr. Richard Hall,sarasanchez@example.com,2025-10-29,Germany
1375,Brenda Green,matthew11@example.com,2025-12-01,Spain
1376,Brittany Snyder,rachelwalter@example.org,2024-11-03,UK
1377,Dennis Spencer,inewton@example.org,2023-10-05,UK
1378,Christopher Jones,wstrong@example.org,2024-11-19,UK
1379,Dana Carter,phyllis59@example.net,2024-10-04,Netherland
1380,Nathan Jones,stephanie67@example.net,2025-09-02,Netherland
1381,John Taylor,jenniferlawrence@example.net,2024-11-25,Spain
1382,Adam Watkins,cgray@example.org,2023-05-29,UK
1383,Diana Mejia,kennethpeterson@example.net,2025-03-19,Germany
1384,Lauren Anthony,ymitchell@example.com,2025-04-02,UK
1385,Amanda Landry,russellramirez@example.net,2023-10-23,UK
1386,Dustin Wilson,tommy32@example.com,2024-05-21,Belgium
1387,Nicole Middleton DDS,codyarnold@example.net,2024-02-26,Belgium
1388,Steven Moyer,adamwall@example.org,2023-10-08,France
1389,Tom Duncan,dmeyer@example.com,2024-08-15,Netherland
1390,Tamara Wilson,fsnyder@example.org,2023-07-08,Canada
1391,Audrey Gomez,garnerjeffrey@example.org,2024-03-26,Germany
1392,George Chavez,mannleroy@example.org,2024-06-10,Belgium
1393,Michael Boyd,mckenzieguerrero@example.net,2024-11-22,UK
1394,Lori Sanchez,owiggins@example.net,2023-03-15,UK
1395,Christian Cervantes,mcampbell@example.net,2023-11-18,France
1396,Shannon Curry,hamiltontravis@example.net,2023-06-05,France
1397,Amanda Watts,pwelch@example.net,2023-12-08,Netherland
1398,Mr. Christopher Evans,nancycontreras@example.com,2024-07-13,Belgium
1399,Howard Castillo,robinsonsydney@example.com,2025-09-23,Germany
1400,Erika Bates,thompsonstephanie@example.net,2024-10-31,Germany
1401,James Anderson,flarsen@example.net,2023-07-14,Canada
1402,Alyssa Adams,pamelapatton@example.org,2024-10-20,Switzerland
1403,Deborah Stewart,blamb@example.com,2025-06-10,UK
1404,Debra Chandler,daisy04@example.com,2024-02-27,Canada
1405,Shawn Herrera,gouldchristina@example.com,2024-10-16,France
1406,Alicia Bowen,tdavis@example.com,2023-08-07,UK
1407,Kristen Pena,michaelgonzalez@example.org,2024-07-19,Italy
1408,Mitchell Roberts,reneerivera@example.org,2025-04-30,Netherland
1409,Teresa Johnson,fischeralisha@example.net,2025-05-26,UK
1410,Amanda Campbell,hallkelsey@example.org,2024-09-28,Canada
1411,Caleb Bowers,vanderson@example.com,2023-03-12,Spain
1412,Jonathan Warner,vsmith@example.net,2023-05-30,France
1413,Anna Chapman,mlee@example.com,2025-08-15,UK
1414,Patrick Turner,qharris@example.net,2024-06-04,Germany
1415,Eddie Davis,ehoffman@example.com,2025-07-02,Netherland
1416,Dana Smith,xluna@example.net,2026-01-14,Germany
1417,Kenneth Johnson,sergiowoods@example.org,2023-07-06,Canada
1418,Charles Soto,davisgary@example.com,2025-10-13,Spain
1419,Charles Jensen,kmills@example.org,2025-07-28,France
1420,Darlene Collins,mary05@example.net,2023-04-20,Italy
1421,Shelby Adams,karinorton@example.net,2025-06-15,UK
1422,Matthew Morris,vrobertson@example.net,2025-03-05,UK
1423,Jessica Jones,katherinemartin@example.net,2023-05-25,Canada
1424,Jeffrey Stanton,mccluretyler@example.net,2023-07-26,Canada
1425,Dr. Joshua Ross,david44@example.net,2025-04-12,Spain
1426,Jacqueline Santos,kellycohen@example.net,2024-06-02,Netherland
1427,Danielle Ford,sara22@example.net,2024-08-17,Netherland
1428,Jason Hernandez,holderadam@example.net,2025-01-24,Belgium
1429,Brandon Ellis,browntaylor@example.org,2023-11-06,Switzerland
1430,Justin Perez,reillyjoshua@example.com,2023-05-02,Switzerland
1431,Holly Wang,ann31@example.net,2025-07-14,Netherland
1432,Daniel White,martinezalexa@example.net,2023-09-12,France
1433,Raymond Vargas,tammy97@example.org,2024-09-04,Netherland
1434,David Robinson,douglasalvarez@example.org,2023-10-07,Germany
1435,Wayne Taylor,ecoleman@example.com,2024-06-04,Netherland
1436,Autumn Castro,tschroeder@example.com,2024-05-03,Germany
1437,Joseph Schmidt,stephaniedougherty@example.com,2024-07-23,Canada
1438,Kristina Henry,gina86@example.net,2023-08-28,Switzerland
1439,Sean Wyatt,jessica39@example.net,2024-07-12,Belgium
1440,Christopher Adkins,gonzalezmichael@example.org,2023-11-11,Belgium
1441,Erin Bartlett,wesley09@example.com,2023-01-27,Spain
1442,Maria Sanders,joshua09@example.org,2023-03-12,Netherland
1443,Lynn Henry DDS,johnsonanthony@example.net,2025-01-19,Germany
1444,Cassandra Rosales,barnesmegan@example.org,2023-09-13,Spain
1445,Amy Davis,tonya39@example.net,2024-12-07,Netherland
1446,Michael Yoder,rebeccamatthews@example.com,2023-02-13,Belgium
1447,Matthew Butler,brownmandy@example.net,2025-03-31,Switzerland
1448,Angela Ramos,charlotte86@example.org,2023-09-05,Spain
1449,Sara Smith,ann15@example.com,2025-10-01,Germany
1450,Angelica Conrad,wilsonchristopher@example.net,2025-06-19,Belgium
1451,Kevin Sheppard,kristinarobinson@example.com,2023-06-02,Canada
1452,Nathaniel Wright,julierojas@example.com,2025-01-03,Switzerland
1453,Dustin Ramirez,robert34@example.org,2023-04-11,Netherland
1454,Deanna Gonzales,burnsbeth@example.com,2023-10-21,Spain
1455,Sandra Mcdaniel,benjamindavenport@example.com,2025-10-12,Canada
1456,Christine Park,debbie43@example.com,2023-09-17,Germany
1457,Kristen Paul,christopher34@example.org,2026-01-09,Switzerland
1458,Thomas Holmes,thomasmcdonald@example.com,2025-01-14,Canada
1459,Mary Valenzuela,jacqueline50@example.org,2024-08-19,Netherland
1460,George Leach,robintorres@example.com,2024-11-03,France
1461,Alex Lamb,swatkins@example.com,2025-05-17,Netherland
1462,David Cummings,timothy64@example.org,2024-09-30,Belgium
1463,Stephanie Hunter,rsimmons@example.net,2024-01-17,Spain
1464,Carly Jackson,olivia83@example.net,2024-10-02,Italy
1465,Gary Choi,parkerkatie@example.com,2023-08-23,Netherland
1466,Joe Hopkins,nicoleturner@example.org,2024-12-31,UK
1467,Dalton Davis,ericpeters@example.com,2023-11-01,Italy
1468,Gregory Ruiz,ehale@example.net,2023-01-26,Italy
1469,Michelle Hines,hugheslucas@example.org,2024-08-25,Spain
1470,Stephanie Weiss,icarlson@example.org,2024-10-01,Spain
1471,Patrick Willis II,katrinawood@example.com,2024-07-10,Germany
1472,Lisa Walton,brewerdevin@example.org,2025-03-07,Belgium
1473,Jeffrey Morgan,ronaldmitchell@example.com,2023-03-28,Germany
1474,Amanda Mullen,zwhite@example.net,2025-12-02,Canada
1475,Julie Miller,riosrichard@example.org,2025-04-01,Canada
1476,Kenneth Cruz,psmith@example.net,2023-09-25,Canada
1477,Anthony Coleman,munozleah@example.com,2024-10-04,France
1478,John Rogers,daniel26@example.net,2025-03-08,Netherland
1479,Angela Smith,james97@example.com,2024-09-05,Spain
1480,Andrew Parrish,mrichardson@example.net,2023-04-04,Switzerland
1481,George Phillips,danielsguy@example.com,2024-08-14,Spain
1482,Frederick Fields,howardbenjamin@example.net,2024-10-27,Spain
1483,Bradley Davis,cynthiajordan@example.com,2024-09-25,Spain
1484,Melissa Sanchez,uwilliams@example.com,2024-07-08,Spain
1485,William Little,reyestina@example.org,2023-03-19,UK
1486,Nicole Henderson,whitejulie@example.net,2024-06-26,France
1487,Angela Gaines,leonashley@example.com,2025-10-29,Switzerland
1488,Sarah Sanchez,brooksthomas@example.com,2025-09-01,Netherland
1489,Paula Hill,jacobsrenee@example.net,2024-03-20,Italy
1490,Jason Smith,rsandoval@example.com,2024-04-05,UK
1491,Vanessa Flores,jeffreyfletcher@example.org,2025-01-06,Belgium
1492,Monica Lynch,omatthews@example.net,2023-04-27,UK
1493,Karen Grant,matthew57@example.org,2024-06-12,Italy
1494,Kathryn Patel,emilyscott@example.org,2025-01-05,Canada
1495,Tracy Welch,christopher85@example.com,2025-11-10,Italy
1496,Jocelyn Mcdonald,colleenjackson@example.com,2024-04-16,Belgium
1497,Zachary Johnson,angela73@example.com,2025-06-14,UK
1498,Lawrence Atkinson,fosterjason@example.org,2025-05-03,Italy
1499,Sean Wang,wpierce@example.org,2025-06-23,Netherland
1500,Diana Townsend,beckgloria@example.net,2024-10-29,UK
